House # ,Waste,Organic,Recycle
I-501 M,Sat,"Sat,Tue",Sat
I-502 M,Sat,"Sat,Tue",Sat
I-503 M,Sat,"Sat,Tue",Sat
I-504 M,Sat,"Sat,Tue",Sat
I-505 M,Sat,"Sat,Tue",Sat
I-506 M,Sat,"Sat,Tue",Sat
I-507 M,Sat,"Sat,Tue",Sat
I-508 M,Sat,"Sat,Tue",Sat
I-509 M,Sat,"Sat,Tue",Sat
I-510 M,Sat,"Sat,Tue",Sat
I-511 M,Sat,"Sat,Tue",Sat
I-512 M,Sat,"Sat,Tue",Sat
I-513 M,Sat,"Sat,Tue",Sat
I-514 M,Sat,"Sat,Tue",Sat
I-515 M,Sat,"Sat,Tue",Sat
I-516 M,Sat,"Sat,Tue",Sat
I-517 M,Sat,"Sat,Tue",Sat
I-518 M,Sat,"Sat,Tue",Sat
I-519 M,Sat,"Sat,Tue",Sat
I-520 M,Sat,"Sat,Tue",Sat
I-521 M,Sat,"Sat,Tue",Sat
I-522 M,Sat,"Sat,Tue",Sat
I-523 M,Sat,"Sat,Tue",Sat
I-524 M,Sat,"Sat,Tue",Sat
I-525 M,Sat,"Sat,Tue",Sat
I-526 M,Sat,"Sat,Tue",Sat
I-527 M,Sat,"Sat,Tue",Sat
I-528 M,Sat,"Sat,Tue",Sat
I-529 M,Sat,"Sat,Tue",Sat
I-530 M,Sat,"Sat,Tue",Sat
I-531 M,Sat,"Sat,Tue",Sat
I-532 M,Sat,"Sat,Tue",Sat
I-533 M,Sat,"Sat,Tue",Sat
I-534 M,Sat,"Sat,Tue",Sat
I-535 M,Sat,"Sat,Tue",Sat
I-536 M,Sat,"Sat,Tue",Sat
I-537 M,Sat,"Sat,Tue",Sat
I-538 M,Sat,"Sat,Tue",Sat
I-539 M,Sat,"Sat,Tue",Sat
I-540 M,Sat,"Sat,Tue",Sat
I-541 M,Sat,"Sat,Tue",Sat
I-542 M,Sat,"Sat,Tue",Sat
I-543 M,Sat,"Sat,Tue",Sat
I-544 M,Sat,"Sat,Tue",Sat
I-545 M,Sat,"Sat,Tue",Sat
I-546 M,Sat,"Sat,Tue",Sat
I-547 M,Sat,"Sat,Tue",Sat
I-548 M,Sat,"Sat,Tue",Sat
I-549 M,Sat,"Sat,Tue",Sat
I-550 M,Sat,"Sat,Tue",Sat
I-551 M,Sat,"Sat,Tue",Sat
I-552 M,Sat,"Sat,Tue",Sat
I-553 M,Sat,"Sat,Tue",Sat
I-554 M,Sat,"Sat,Tue",Sat
I-555 M,Sat,"Sat,Tue",Sat
I-556 M,Sat,"Sat,Tue",Sat
I-557 M,Sat,"Sat,Tue",Sat
I-558 M,Sat,"Sat,Tue",Sat
I-559 M,Sat,"Sat,Tue",Sat
I-560 M,Sat,"Sat,Tue",Sat
I-561 M,Sat,"Sat,Tue",Sat
I-562 M,Sat,"Sat,Tue",Sat
I-563 M,Sat,"Sat,Tue",Sat
I-5000,Sat,"Sat,Tue",Tue
I-5002,Sat,"Sat,Tue",Tue
I-5004,Sat,"Sat,Tue",Tue
I-5006,Sat,"Sat,Tue",Tue
I-5008,Sat,"Sat,Tue",Tue
I-5010,Sat,"Sat,Tue",Tue
I-5012,Sat,"Sat,Tue",Tue
I-5014,Sat,"Sat,Tue",Tue
I-5016,Sat,"Sat,Tue",Tue
I-5018,Sat,"Sat,Tue",Tue
I-5020,Sat,"Sat,Tue",Tue
I-5022,Sat,"Sat,Tue",Tue
I-5024,Sat,"Sat,Tue",Tue
I-5026,Sat,"Sat,Tue",Tue
I-5028,Sat,"Sat,Tue",Tue
I-5030,Sat,"Sat,Tue",Tue
I-5032,Sat,"Sat,Tue",Tue
I-5034,Sat,"Sat,Tue",Tue
I-5036,Sat,"Sat,Tue",Tue
I-5038,Sat,"Sat,Tue",Tue
I-5040,Sat,"Sat,Tue",Tue
I-5042,Sat,"Sat,Tue",Tue
I-5044 A,Sat,"Sat,Tue",Tue
I-5044 B,Sat,"Sat,Tue",Tue
I-5046,Sat,"Sat,Tue",Tue
I-5048,Sat,"Sat,Tue",Tue
I-5050,Sat,"Sat,Tue",Tue
I-5052,Sat,"Sat,Tue",Tue
I-5054,Sat,"Sat,Tue",Tue
I-5056,Sat,"Sat,Tue",Tue
I-5058,Sat,"Sat,Tue",Tue
I-5060,Sat,"Sat,Tue",Tue
I-5062,Sat,"Sat,Tue",Tue
I-5064,Sat,"Sat,Tue",Tue
I-5066,Sat,"Sat,Tue",Tue
I-5068,Sat,"Sat,Tue",Tue
I-5070,Sat,"Sat,Tue",Tue
I-5072,Sat,"Sat,Tue",Tue
I-5074,Sat,"Sat,Tue",Tue
I-5076,Sat,"Sat,Tue",Tue
I-5078,Sat,"Sat,Tue",Tue
I-5080,Sat,"Sat,Tue",Tue
I-5082,Sat,"Sat,Tue",Tue
I-5084,Sat,"Sat,Tue",Tue
I-5086,Sat,"Sat,Tue",Tue
I-5088,Sat,"Sat,Tue",Tue
I-5090,Sat,"Sat,Tue",Tue
I-5092,Sat,"Sat,Tue",Tue
I-5094,Sat,"Sat,Tue",Tue
I-5096,Sat,"Sat,Tue",Tue
I-5098,Sat,"Sat,Tue",Tue
I-5100,Sat,"Sat,Tue",Tue
I-5102,Sat,"Sat,Tue",Tue
I-5104,Sat,"Sat,Tue",Tue
I-5106,Sat,"Sat,Tue",Tue
I-5108,Sat,"Sat,Tue",Tue
I-5110,Sat,"Sat,Tue",Tue
I-5112,Sat,"Sat,Tue",Tue
I-5114,Sat,"Sat,Tue",Tue
I-5116,Sat,"Sat,Tue",Tue
I-5118,Sat,"Sat,Tue",Tue
I-5120,Sat,"Sat,Tue",Tue
I-5122,Sat,"Sat,Tue",Tue
I-5124,Sat,"Sat,Tue",Tue
I-5126,Sat,"Sat,Tue",Tue
I-5200,Sat,"Sat,Tue",Sat
I-5201,Sat,"Sat,Tue",Sat
I-5202,Sat,"Sat,Tue",Sat
I-5203,Sat,"Sat,Tue",Sat
I-5204,Sat,"Sat,Tue",Sat
I-5205,Sat,"Sat,Tue",Sat
I-5206,Sat,"Sat,Tue",Sat
I-5207,Sat,"Sat,Tue",Sat
I-5208,Sat,"Sat,Tue",Sat
I-5209,Sat,"Sat,Tue",Sat
I-5210,Sat,"Sat,Tue",Sat
I-5211,Sat,"Sat,Tue",Sat
I-5212,Sat,"Sat,Tue",Sat
I-5213,Sat,"Sat,Tue",Sat
I-5214,Sat,"Sat,Tue",Sat
I-5215,Sat,"Sat,Tue",Sat
I-5216,Sat,"Sat,Tue",Sat
I-5217,Sat,"Sat,Tue",Sat
I-5218,Sat,"Sat,Tue",Sat
I-5219,Sat,"Sat,Tue",Sat
I-5220,Sat,"Sat,Tue",Sat
I-5221,Sat,"Sat,Tue",Sat
I-5222,Sat,"Sat,Tue",Sat
I-5223,Sat,"Sat,Tue",Sat
I-5224,Sat,"Sat,Tue",Sat
I-5225,Sat,"Sat,Tue",Sat
I-5226,Sat,"Sat,Tue",Sat
I-5227,Sat,"Sat,Tue",Sat
I-5228,Sat,"Sat,Tue",Sat
I-5229,Sat,"Sat,Tue",Sat
I-5230,Sat,"Sat,Tue",Sat
I-5231,Sat,"Sat,Tue",Sat
I-5232,Sat,"Sat,Tue",Sat
I-5233,Sat,"Sat,Tue",Sat
I-5234,Sat,"Sat,Tue",Sat
I-5235,Sat,"Sat,Tue",Sat
I-5236,Sat,"Sat,Tue",Sat
I-5237,Sat,"Sat,Tue",Sat
I-5238,Sat,"Sat,Tue",Sat
I-5239,Sat,"Sat,Tue",Sat
I-5240,Sat,"Sat,Tue",Sat
I-5241,Sat,"Sat,Tue",Sat
I-5242,Sat,"Sat,Tue",Sat
I-5243,Sat,"Sat,Tue",Sat
I-5244,Sat,"Sat,Tue",Sat
I-5245,Sat,"Sat,Tue",Sat
I-5246,Sat,"Sat,Tue",Sat
I-5247,Sat,"Sat,Tue",Sat
I-5249,Sat,"Sat,Tue",Sat
I-5251,Sat,"Sat,Tue",Sat
I-5253,Sat,"Sat,Tue",Sat
I-5255,Sat,"Sat,Tue",Sat
I-5257,Sat,"Sat,Tue",Sat
I-5259,Sat,"Sat,Tue",Sat
I-5261,Sat,"Sat,Tue",Sat
I-5263,Sat,"Sat,Tue",Sat
I-5265,Sat,"Sat,Tue",Sat
I-5267,Sat,"Sat,Tue",Sat
I-5269,Sat,"Sat,Tue",Sat
I-5271,Sat,"Sat,Tue",Sat
I-5273,Sat,"Sat,Tue",Sat
I-5275,Sat,"Sat,Tue",Sat
I-5277,Sat,"Sat,Tue",Sat
I-5279,Sat,"Sat,Tue",Sat
I-5281,Sat,"Sat,Tue",Sat
I-5283,Sat,"Sat,Tue",Sat
I-5285,Sat,"Sat,Tue",Sat
I-5287,Sat,"Sat,Tue",Sat
I-5289,Sat,"Sat,Tue",Sat
I-5291,Sat,"Sat,Tue",Sat
I-5293,Sat,"Sat,Tue",Sat
I-5295,Sat,"Sat,Tue",Sat
I-5297,Sat,"Sat,Tue",Sat
I-5299,Sat,"Sat,Tue",Sat
I-5301,Sat,"Sat,Tue",Tue
I-5303 AB,Sat,"Sat,Tue",Tue
I-5303 CD,Sat,"Sat,Tue",Tue
I-5305,Sat,"Sat,Tue",Tue
I-5306,Sat,"Sat,Tue",Tue
I-5307,Sat,"Sat,Tue",Tue
I-5308,Sat,"Sat,Tue",Tue
I-5309,Sat,"Sat,Tue",Tue
I-5310,Sat,"Sat,Tue",Tue
I-5311,Sat,"Sat,Tue",Tue
I-5312,Sat,"Sat,Tue",Tue
I-5313,Sat,"Sat,Tue",Tue
I-5314,Sat,"Sat,Tue",Tue
I-5315,Sat,"Sat,Tue",Tue
I-5316,Sat,"Sat,Tue",Tue
I-5317,Sat,"Sat,Tue",Tue
I-5318,Sat,"Sat,Tue",Tue
I-5319,Sat,"Sat,Tue",Tue
I-5320,Sat,"Sat,Tue",Tue
I-5321,Sat,"Sat,Tue",Tue
I-5322,Sat,"Sat,Tue",Tue
I-5323,Sat,"Sat,Tue",Tue
I-5324,Sat,"Sat,Tue",Tue
I-5325,Sat,"Sat,Tue",Tue
I-5326,Sat,"Sat,Tue",Tue
I-5327,Sat,"Sat,Tue",Tue
I-5328,Sat,"Sat,Tue",Tue
I-5329,Sat,"Sat,Tue",Tue
I-5330,Sat,"Sat,Tue",Tue
I-5331,Sat,"Sat,Tue",Tue
I-5333,Sat,"Sat,Tue",Tue
I-5335,Sat,"Sat,Tue",Tue
I-5337,Sat,"Sat,Tue",Tue
I-5339,Sat,"Sat,Tue",Tue
I-5341,Sat,"Sat,Tue",Tue
I-5343,Sat,"Sat,Tue",Tue
I-5345,Sat,"Sat,Tue",Tue
I-5347,Sat,"Sat,Tue",Tue
I-5349,Sat,"Sat,Tue",Tue
I-5351,Sat,"Sat,Tue",Tue
I-5353,Sat,"Sat,Tue",Tue
I-5355,Sat,"Sat,Tue",Tue
I-5357,Sat,"Sat,Tue",Tue
I-5358,Sat,"Sat,Tue",Tue
I-5359,Sat,"Sat,Tue",Tue
I-5360,Sat,"Sat,Tue",Tue
I-5361,Sat,"Sat,Tue",Tue
I-5362,Sat,"Sat,Tue",Tue
I-5363,Sat,"Sat,Tue",Tue
I-5364,Sat,"Sat,Tue",Tue
I-5365,Sat,"Sat,Tue",Tue
I-5366,Sat,"Sat,Tue",Tue
I-5367,Sat,"Sat,Tue",Tue
I-5368,Sat,"Sat,Tue",Tue
I-5369,Sat,"Sat,Tue",Tue
I-5370,Sat,"Sat,Tue",Tue
I-5371,Sat,"Sat,Tue",Tue
I-5372,Sat,"Sat,Tue",Tue
I-5373,Sat,"Sat,Tue",Tue
I-5374,Sat,"Sat,Tue",Tue
I-5375,Sat,"Sat,Tue",Tue
I-5377,Sat,"Sat,Tue",Tue
I-5379,Sat,"Sat,Tue",Tue
I-5381,Sat,"Sat,Tue",Tue
I-5383,Sat,"Sat,Tue",Tue
I-5385,Sat,"Sat,Tue",Tue
I-5387,Sat,"Sat,Tue",Tue
I-5389,Sat,"Sat,Tue",Tue
I-5391,Sat,"Sat,Tue",Tue
I-5393,Sat,"Sat,Tue",Tue
I-5395,Sat,"Sat,Tue",Tue
I-5397,Sat,"Sat,Tue",Tue
I-5399 AB,Sat,"Sat,Tue",Tue
I-5399 CD,Sat,"Sat,Tue",Tue
I-5401 A,Sat,"Sat,Tue",Tue
I-5401 B,Sat,"Sat,Tue",Tue
I-5403 A,Sat,"Sat,Tue",Tue
I-5403 B,Sat,"Sat,Tue",Tue
I-5405 A,Sat,"Sat,Tue",Tue
I-5405 B,Sat,"Sat,Tue",Tue
I-5407,Sat,"Sat,Tue",Tue
I-5409,Sat,"Sat,Tue",Tue
I-5411,Sat,"Sat,Tue",Tue
I-5413,Sat,"Sat,Tue",Tue
I-5415,Sat,"Sat,Tue",Tue
I-5417,Sat,"Sat,Tue",Tue
I-5419,Sat,"Sat,Tue",Tue
I-5500,Sat,"Sat,Tue",Sat
I-5501,Sat,"Sat,Tue",Sat
I-5502,Sat,"Sat,Tue",Sat
I-5503,Sat,"Sat,Tue",Sat
I-5504,Sat,"Sat,Tue",Sat
I-5505,Sat,"Sat,Tue",Sat
I-5506,Sat,"Sat,Tue",Sat
I-5507,Sat,"Sat,Tue",Sat
I-5508,Sat,"Sat,Tue",Sat
I-5509,Sat,"Sat,Tue",Sat
I-5510,Sat,"Sat,Tue",Sat
I-5511,Sat,"Sat,Tue",Sat
I-5512,Sat,"Sat,Tue",Sat
I-5513,Sat,"Sat,Tue",Sat
I-5514,Sat,"Sat,Tue",Sat
I-5515,Sat,"Sat,Tue",Sat
I-5516,Sat,"Sat,Tue",Sat
I-5517,Sat,"Sat,Tue",Sat
I-5518,Sat,"Sat,Tue",Sat
I-5519,Sat,"Sat,Tue",Sat
I-5520,Sat,"Sat,Tue",Sat
I-5521,Sat,"Sat,Tue",Sat
I-5522,Sat,"Sat,Tue",Sat
I-5523,Sat,"Sat,Tue",Sat
I-5524,Sat,"Sat,Tue",Sat
I-5525,Sat,"Sat,Tue",Sat
I-5526,Sat,"Sat,Tue",Sat
I-5527,Sat,"Sat,Tue",Sat
I-5528,Sat,"Sat,Tue",Sat
I-5529,Sat,"Sat,Tue",Sat
I-5530,Sat,"Sat,Tue",Sat
I-5531,Sat,"Sat,Tue",Sat
I-5532,Sat,"Sat,Tue",Sat
I-5533,Sat,"Sat,Tue",Sat
I-5534,Sat,"Sat,Tue",Sat
I-5535,Sat,"Sat,Tue",Sat
I-5536,Sat,"Sat,Tue",Sat
I-5537,Sat,"Sat,Tue",Sat
I-5538,Sat,"Sat,Tue",Sat
I-5539,Tue,"Sat,Tue",Sat
I-5540,Tue,"Sat,Tue",Sat
I-5541,Tue,"Sat,Tue",Sat
I-5542,Tue,"Sat,Tue",Sat
I-5543,Tue,"Sat,Tue",Sat
I-5544,Tue,"Sat,Tue",Sat
I-5545,Tue,"Sat,Tue",Sat
I-5546,Tue,"Sat,Tue",Sat
I-5547,Tue,"Sat,Tue",Sat
I-5548,Tue,"Sat,Tue",Sat
I-5549,Tue,"Sat,Tue",Sat
I-5550,Tue,"Sat,Tue",Sat
I-5551,Tue,"Sat,Tue",Sat
I-5552,Tue,"Sat,Tue",Sat
I-5553,Tue,"Sat,Tue",Sat
I-5554,Tue,"Sat,Tue",Sat
I-5555,Tue,"Sat,Tue",Sat
I-5556,Tue,"Sat,Tue",Sat
I-5557,Tue,"Sat,Tue",Sat
I-5558,Tue,"Sat,Tue",Sat
I-5559,Tue,"Sat,Tue",Sat
I-5560,Tue,"Sat,Tue",Sat
I-5561,Tue,"Sat,Tue",Sat
I-5562,Tue,"Sat,Tue",Sat
I-5563,Tue,"Sat,Tue",Sat
I-5564,Tue,"Sat,Tue",Sat
I-5565,Tue,"Sat,Tue",Sat
I-5566,Tue,"Sat,Tue",Sat
I-5567,Tue,"Sat,Tue",Sat
I-5568,Tue,"Sat,Tue",Sat
I-5569,Tue,"Sat,Tue",Sat
I-5570,Tue,"Sat,Tue",Sat
I-5571,Tue,"Sat,Tue",Sat
I-5600,Tue,"Sat,Tue",Sat
I-5601,Tue,"Sat,Tue",Sat
I-5602,Tue,"Sat,Tue",Sat
I-5603,Tue,"Sat,Tue",Sat
I-5604,Tue,"Sat,Tue",Sat
I-5605,Tue,"Sat,Tue",Sat
I-5606,Tue,"Sat,Tue",Sat
I-5607,Tue,"Sat,Tue",Sat
I-5608,Tue,"Sat,Tue",Sat
I-5609,Tue,"Sat,Tue",Sat
I-5610,Tue,"Sat,Tue",Sat
I-5611,Tue,"Sat,Tue",Sat
I-5612,Tue,"Sat,Tue",Sat
I-5613,Tue,"Sat,Tue",Sat
I-5614,Tue,"Sat,Tue",Sat
I-5615,Tue,"Sat,Tue",Sat
I-5616,Tue,"Sat,Tue",Sat
I-5617,Tue,"Sat,Tue",Sat
I-5618,Tue,"Sat,Tue",Sat
I-5619,Tue,"Sat,Tue",Sat
I-5620,Tue,"Sat,Tue",Sat
I-5621,Tue,"Sat,Tue",Sat
I-5622,Tue,"Sat,Tue",Sat
I-5623,Tue,"Sat,Tue",Sat
I-5624,Tue,"Sat,Tue",Sat
I-5625,Tue,"Sat,Tue",Sat
I-5626,Tue,"Sat,Tue",Sat
I-5627,Tue,"Sat,Tue",Sat
I-5628,Tue,"Sat,Tue",Sat
I-5629,Tue,"Sat,Tue",Sat
I-5630,Tue,"Sat,Tue",Sat
I-5631,Tue,"Sat,Tue",Sat
I-5632,Tue,"Sat,Tue",Sat
I-5633,Tue,"Sat,Tue",Sat
I-5634,Tue,"Sat,Tue",Sat
I-5635,Tue,"Sat,Tue",Sat
I-5636,Tue,"Sat,Tue",Sat
I-5637,Tue,"Sat,Tue",Sat
I-5638,Tue,"Sat,Tue",Sat
I-5639,Tue,"Sat,Tue",Sat
I-5640,Tue,"Sat,Tue",Sat
I-5641,Tue,"Sat,Tue",Sat
I-5642,Tue,"Sat,Tue",Sat
I-5700,Tue,"Sat,Tue",Sat
I-5701,Tue,"Sat,Tue",Sat
I-5702,Tue,"Sat,Tue",Sat
I-5703,Tue,"Sat,Tue",Sat
I-5704,Tue,"Sat,Tue",Sat
I-5705,Tue,"Sat,Tue",Sat
I-5706,Tue,"Sat,Tue",Sat
I-5707,Tue,"Sat,Tue",Sat
I-5708,Tue,"Sat,Tue",Sat
I-5709,Tue,"Sat,Tue",Sat
I-5710,Tue,"Sat,Tue",Sat
I-5711,Tue,"Sat,Tue",Sat
I-5712,Tue,"Sat,Tue",Sat
I-5713,Tue,"Sat,Tue",Sat
I-5714,Tue,"Sat,Tue",Sat
I-5715,Tue,"Sat,Tue",Sat
I-5716,Tue,"Sat,Tue",Sat
I-5717,Tue,"Sat,Tue",Sat
I-5718,Tue,"Sat,Tue",Sat
I-5719,Tue,"Sat,Tue",Sat
I-5720,Tue,"Sat,Tue",Sat
I-5721,Tue,"Sat,Tue",Sat
I-5722,Tue,"Sat,Tue",Sat
I-5723,Tue,"Sat,Tue",Sat
I-5724,Tue,"Sat,Tue",Sat
I-5725,Tue,"Sat,Tue",Sat
I-5726,Tue,"Sat,Tue",Sat
I-5727,Tue,"Sat,Tue",Sat
I-5728,Tue,"Sat,Tue",Sat
I-5729,Tue,"Sat,Tue",Sat
I-5730,Tue,"Sat,Tue",Sat
I-5731,Tue,"Sat,Tue",Sat
I-5732,Tue,"Sat,Tue",Sat
I-5733,Tue,"Sat,Tue",Sat
I-5734,Tue,"Sat,Tue",Sat
I-5735,Tue,"Sat,Tue",Sat
I-5736,Tue,"Sat,Tue",Sat
I-5737,Tue,"Sat,Tue",Sat
I-5738,Tue,"Sat,Tue",Sat
I-5739,Tue,"Sat,Tue",Sat
I-5740,Tue,"Sat,Tue",Sat
I-5741,Tue,"Sat,Tue",Sat
I-5742,Tue,"Sat,Tue",Sat
I-5743,Tue,"Sat,Tue",Sat
I-5744,Tue,"Sat,Tue",Sat
I-5745,Tue,"Sat,Tue",Sat
I-5746,Tue,"Sat,Tue",Sat
I-5747,Tue,"Sat,Tue",Sat
I-5748,Tue,"Sat,Tue",Sat
I-5749,Tue,"Sat,Tue",Sat
I-5750,Tue,"Sat,Tue",Sat
I-5751,Tue,"Sat,Tue",Sat
I-5752,Tue,"Sat,Tue",Sat
I-5753,Tue,"Sat,Tue",Sat
I-5754,Tue,"Sat,Tue",Sat
I-5755,Tue,"Sat,Tue",Sat
I-5756,Tue,"Sat,Tue",Sat
I-5757,Tue,"Sat,Tue",Sat
I-5758,Tue,"Sat,Tue",Sat
I-5759,Tue,"Sat,Tue",Sat
I-5760,Tue,"Sat,Tue",Sat
I-5761,Tue,"Sat,Tue",Sat
I-5762,Tue,"Sat,Tue",Sat
I-5763,Tue,"Sat,Tue",Sat
I-5764,Tue,"Sat,Tue",Sat
I-5765,Tue,"Sat,Tue",Sat
I-5766,Tue,"Sat,Tue",Sat
I-5767,Tue,"Sat,Tue",Sat
I-5768,Tue,"Sat,Tue",Sat
I-5769,Tue,"Sat,Tue",Sat
I-5770,Tue,"Sat,Tue",Sat
I-5771,Tue,"Sat,Tue",Sat
I-5772,Tue,"Sat,Tue",Sat
I-5773,Tue,"Sat,Tue",Sat
I-5774,Tue,"Sat,Tue",Sat
G-3700,Tue,"Sat,Tue",Tue
G-3701,Tue,"Sat,Tue",Tue
G-3702,Tue,"Sat,Tue",Tue
G-3703,Tue,"Sat,Tue",Tue
G-3704,Tue,"Sat,Tue",Tue
G-3705,Tue,"Sat,Tue",Tue
G-3706,Tue,"Sat,Tue",Tue
G-3707,Tue,"Sat,Tue",Tue
G-3708,Tue,"Sat,Tue",Tue
G-3709,Tue,"Sat,Tue",Tue
G-3710,Tue,"Sat,Tue",Tue
G-3711,Tue,"Sat,Tue",Tue
G-3712,Tue,"Sat,Tue",Tue
G-3713,Tue,"Sat,Tue",Tue
G-3714,Tue,"Sat,Tue",Tue
G-3715,Tue,"Sat,Tue",Tue
G-3716,Tue,"Sat,Tue",Tue
G-3717,Tue,"Sat,Tue",Tue
G-3718,Tue,"Sat,Tue",Tue
G-3719,Tue,"Sat,Tue",Tue
G-3720,Tue,"Sat,Tue",Tue
G-3721,Tue,"Sat,Tue",Tue
G-3722,Tue,"Sat,Tue",Tue
G-3723,Tue,"Sat,Tue",Tue
G-3724,Tue,"Sat,Tue",Tue
G-3725,Tue,"Sat,Tue",Tue
G-3726,Tue,"Sat,Tue",Tue
G-3727,Tue,"Sat,Tue",Tue
G-3728,Tue,"Sat,Tue",Tue
G-3729,Tue,"Sat,Tue",Tue
G-3730,Tue,"Sat,Tue",Tue
G-3731,Tue,"Sat,Tue",Tue
G-3732,Tue,"Sat,Tue",Tue
G-3733,Tue,"Sat,Tue",Tue
G-3734,Tue,"Sat,Tue",Tue
G-3735,Tue,"Sat,Tue",Tue
G-3736,Tue,"Sat,Tue",Tue
G-3737,Tue,"Sat,Tue",Tue
G-3738,Tue,"Sat,Tue",Tue
G-3739,Tue,"Sat,Tue",Tue
G-3740,Mon,"Mon,Thu",Tue
G-3741,Mon,"Mon,Thu",Thu
G-3742,Mon,"Mon,Thu",Thu
G-3743,Mon,"Mon,Thu",Thu
G-3744,Mon,"Mon,Thu",Thu
G-3745,Mon,"Mon,Thu",Thu
G-3746,Mon,"Mon,Thu",Thu
G-3747,Mon,"Mon,Thu",Thu
G-3748,Mon,"Mon,Thu",Thu
G-3749,Mon,"Mon,Thu",Thu
G-3750,Mon,"Mon,Thu",Thu
G-3751,Mon,"Mon,Thu",Thu
G-3752,Mon,"Mon,Thu",Thu
G-3753,Mon,"Mon,Thu",Thu
G-3754,Mon,"Mon,Thu",Thu
G-3755,Mon,"Mon,Thu",Thu
G-3756,Mon,"Mon,Thu",Thu
G-3757,Mon,"Mon,Thu",Thu
G-3758,Mon,"Mon,Thu",Thu
G-3759,Mon,"Mon,Thu",Thu
G-3760,Mon,"Mon,Thu",Thu
G-3761,Mon,"Mon,Thu",Thu
G-3762,Mon,"Mon,Thu",Thu
G-3763,Mon,"Mon,Thu",Thu
G-3764,Mon,"Mon,Thu",Thu
G-3765,Mon,"Mon,Thu",Thu
G-3766,Mon,"Mon,Thu",Thu
G-3767,Mon,"Mon,Thu",Thu
G-3768,Mon,"Mon,Thu",Thu
G-3769,Mon,"Mon,Thu",Thu
G-3770,Mon,"Mon,Thu",Thu
G-3771,Mon,"Mon,Thu",Thu
G-3773,Mon,"Mon,Thu",Thu
G-3775,Mon,"Mon,Thu",Thu
G-3777,Mon,"Mon,Thu",Thu
G-3779,Mon,"Mon,Thu",Thu
G-3800-AB,Mon,"Mon,Thu",Thu
G-3800-CD,Mon,"Mon,Thu",Thu
G-3801-AB,Mon,"Mon,Thu",Thu
G-3801-CD,Mon,"Mon,Thu",Thu
G-3802-AB,Mon,"Mon,Thu",Thu
G-3802-CD,Mon,"Mon,Thu",Thu
G-3803-AB,Mon,"Mon,Thu",Thu
G-3803-CD,Mon,"Mon,Thu",Thu
G-3804-AB,Mon,"Mon,Thu",Thu
G-3804-CD,Mon,"Mon,Thu",Thu
G-3805-AB,Mon,"Mon,Thu",Thu
G-3805-CD,Mon,"Mon,Thu",Thu
G-3806-AB,Mon,"Mon,Thu",Thu
G-3806-CD,Mon,"Mon,Thu",Thu
G-3807-AB,Mon,"Mon,Thu",Thu
G-3807-CD,Mon,"Mon,Thu",Thu
G-3808,Mon,"Mon,Thu",Thu
G-3809-AB,Mon,"Mon,Thu",Thu
G-3809-CD,Mon,"Mon,Thu",Thu
G-3810,Mon,"Mon,Thu",Thu
G-3811,Mon,"Mon,Thu",Thu
G-3812,Mon,"Mon,Thu",Thu
G-3813,Mon,"Mon,Thu",Thu
G-3814,Mon,"Mon,Thu",Thu
G-3815,Mon,"Mon,Thu",Thu
G-3816,Mon,"Mon,Thu",Thu
G-3817,Mon,"Mon,Thu",Thu
G-3818,Mon,"Mon,Thu",Thu
G-3819,Mon,"Mon,Thu",Thu
G-3820,Mon,"Mon,Thu",Thu
G-3821,Mon,"Mon,Thu",Thu
G-3822,Mon,"Mon,Thu",Thu
G-3823,Mon,"Mon,Thu",Thu
G-3825,Mon,"Mon,Thu",Thu
G-3827,Mon,"Mon,Thu",Thu
G-3829,Mon,"Mon,Thu",Thu
G-3830,Mon,"Mon,Thu",Thu
G-3831,Mon,"Mon,Thu",Thu
G-3832,Mon,"Mon,Thu",Thu
G-3833,Mon,"Mon,Thu",Thu
G-3835,Mon,"Mon,Thu",Thu
G-3837,Mon,"Mon,Thu",Thu
G-3850,Tue,"Sat,Tue",Tue
G-3851,Tue,"Sat,Tue",Tue
G-3852,Tue,"Sat,Tue",Tue
G-3853,Tue,"Sat,Tue",Tue
G-3854,Tue,"Sat,Tue",Tue
G-3855,Tue,"Sat,Tue",Tue
G-3856,Tue,"Sat,Tue",Tue
G-3857,Tue,"Sat,Tue",Tue
G-3858,Tue,"Sat,Tue",Tue
G-3859,Tue,"Sat,Tue",Tue
G-3860,Tue,"Sat,Tue",Tue
G-3861,Tue,"Sat,Tue",Tue
G-3862,Tue,"Sat,Tue",Tue
G-3863,Tue,"Sat,Tue",Tue
G-3864,Tue,"Sat,Tue",Tue
G-3865,Tue,"Sat,Tue",Tue
G-3866,Tue,"Sat,Tue",Tue
G-3867,Tue,"Sat,Tue",Tue
G-3868,Tue,"Sat,Tue",Tue
G-3869,Tue,"Sat,Tue",Tue
G-3870,Tue,"Sat,Tue",Tue
G-3871,Tue,"Sat,Tue",Tue
G-3872,Tue,"Sat,Tue",Tue
G-3873,Tue,"Sat,Tue",Tue
G-3874,Tue,"Sat,Tue",Tue
G-3875,Tue,"Sat,Tue",Tue
G-3876,Tue,"Sat,Tue",Tue
G-3877,Tue,"Sat,Tue",Tue
G-3878,Tue,"Sat,Tue",Tue
G-3879,Tue,"Sat,Tue",Tue
G-3880,Tue,"Sat,Tue",Tue
G-3881,Tue,"Sat,Tue",Tue
G-3882,Tue,"Sat,Tue",Tue
G-3883,Tue,"Sat,Tue",Tue
G-3884,Tue,"Sat,Tue",Tue
G-3885,Tue,"Sat,Tue",Tue
G-3886,Tue,"Sat,Tue",Tue
G-3887,Tue,"Sat,Tue",Tue
G-3888,Tue,"Sat,Tue",Tue
G-3889,Tue,"Sat,Tue",Tue
G-3890,Tue,"Sat,Tue",Tue
G-3891,Tue,"Sat,Tue",Tue
G-3892,Tue,"Sat,Tue",Tue
G-3893,Tue,"Sat,Tue",Tue
G-3894,Tue,"Sat,Tue",Tue
G-3895,Tue,"Sat,Tue",Tue
G-3896,Tue,"Sat,Tue",Tue
G-3897,Tue,"Sat,Tue",Tue
G-3898,Tue,"Sat,Tue",Tue
G-3899,Tue,"Sat,Tue",Tue
G-3900,Tue,"Sat,Tue",Tue
G-3901,Tue,"Sat,Tue",Tue
G-3902,Tue,"Sat,Tue",Tue
G-3903,Tue,"Sat,Tue",Tue
G-3904,Tue,"Sat,Tue",Tue
G-3905,Tue,"Sat,Tue",Tue
G-3906,Tue,"Sat,Tue",Tue
G-3907,Tue,"Sat,Tue",Tue
G-3908,Tue,"Sat,Tue",Tue
G-3909,Tue,"Sat,Tue",Tue
G-3910,Tue,"Sat,Tue",Tue
G-3911,Tue,"Sat,Tue",Tue
G-3912,Tue,"Sat,Tue",Tue
G-3913,Tue,"Sat,Tue",Tue
G-3914,Tue,"Sat,Tue",Tue
G-3915,Tue,"Sat,Tue",Tue
G-3916,Tue,"Sat,Tue",Tue
G-3917,Tue,"Sat,Tue",Tue
G-3918,Tue,"Sat,Tue",Tue
G-3919,Tue,"Sat,Tue",Tue
G-3920,Tue,"Sat,Tue",Tue
G-3921,Tue,"Sat,Tue",Tue
G-3922,Tue,"Sat,Tue",Tue
G-3923,Tue,"Sat,Tue",Tue
G-3924,Tue,"Sat,Tue",Tue
G-3925,Tue,"Sat,Tue",Tue
G-3926,Tue,"Sat,Tue",Tue
G-3927,Tue,"Sat,Tue",Tue
G-3928,Tue,"Sat,Tue",Tue
G-3929,Tue,"Sat,Tue",Tue
G-3930,Tue,"Sat,Tue",Tue
G-3931,Tue,"Sat,Tue",Tue
G-3932,Tue,"Sat,Tue",Tue
G-3933,Tue,"Sat,Tue",Tue
G-3934,Tue,"Sat,Tue",Tue
G-3935,Tue,"Sat,Tue",Tue
G-3936,Tue,"Sat,Tue",Tue
G-3937,Tue,"Sat,Tue",Tue
G-3938 A,Tue,"Sat,Tue",Tue
G-3938 B,Tue,"Sat,Tue",Tue
G-3939 A,Tue,"Sat,Tue",Tue
G-3939 B ,Tue,"Sat,Tue",Tue
G-3940 A,Tue,"Sat,Tue",Tue
G-3940 B,Tue,"Sat,Tue",Tue
G-3941 A,Tue,"Sat,Tue",Tue
G-3941 B,Tue,"Sat,Tue",Tue
G-3942 A,Tue,"Sat,Tue",Tue
G-3942 B,Tue,"Sat,Tue",Tue
G-3943 A,Tue,"Sat,Tue",Tue
G-3943 B,Tue,"Sat,Tue",Tue
G-3944,Tue,"Sat,Tue",Tue
G-3945,Tue,"Sat,Tue",Tue
G-3946,Tue,"Sat,Tue",Tue
G-3947,Tue,"Sat,Tue",Tue
G-3948,Tue,"Sat,Tue",Tue
G-3949,Tue,"Sat,Tue",Tue
G-3950,Tue,"Sat,Tue",Tue
G-3951,Tue,"Sat,Tue",Tue
G-3952,Tue,"Sat,Tue",Tue
G-3953,Tue,"Sat,Tue",Tue
G-3954,Tue,"Sat,Tue",Tue
G-3955,Tue,"Sat,Tue",Tue
G-3956,Tue,"Sat,Tue",Tue
G-3957,Tue,"Sat,Tue",Tue
G-3958,Tue,"Sat,Tue",Tue
G-3959,Tue,"Sat,Tue",Tue
G-3960,Tue,"Sat,Tue",Tue
G-3961,Tue,"Sat,Tue",Tue
G-3962,Tue,"Sat,Tue",Tue
G-3963,Tue,"Sat,Tue",Tue
G-3964,Tue,"Sat,Tue",Tue
G-3965,Tue,"Sat,Tue",Tue
G-3966,Tue,"Sat,Tue",Tue
G-3967,Tue,"Sat,Tue",Tue
G-3968,Tue,"Sat,Tue",Tue
G-3969,Tue,"Sat,Tue",Tue
G-3970,Tue,"Sat,Tue",Tue
G-3971,Tue,"Sat,Tue",Tue
G-3972,Tue,"Sat,Tue",Tue
G-3973,Tue,"Sat,Tue",Tue
G-3974,Tue,"Sat,Tue",Tue
G-3975,Tue,"Sat,Tue",Tue
G-3976,Tue,"Sat,Tue",Tue
G-3977,Tue,"Sat,Tue",Tue
G-3978,Tue,"Sat,Tue",Tue
G-3979,Tue,"Sat,Tue",Tue
G-3980,Tue,"Sat,Tue",Tue
G-3981,Tue,"Sat,Tue",Tue
G-3982,Tue,"Sat,Tue",Tue
G-3983,Tue,"Sat,Tue",Tue
G-3984,Tue,"Sat,Tue",Tue
G-3986,Tue,"Sat,Tue",Tue
G-3000,Thu,"Mon,Thu",Mon
G-3001,Thu,"Mon,Thu",Mon
G-3002,Thu,"Mon,Thu",Mon
G-3003,Thu,"Mon,Thu",Mon
G-3004,Thu,"Mon,Thu",Mon
G-3005,Thu,"Mon,Thu",Mon
G-3006,Thu,"Mon,Thu",Mon
G-3007,Thu,"Mon,Thu",Mon
G-3008,Thu,"Mon,Thu",Mon
G-3009,Thu,"Mon,Thu",Mon
G-3010,Thu,"Mon,Thu",Mon
G-3011,Thu,"Mon,Thu",Mon
G-3012,Thu,"Mon,Thu",Mon
G-3013,Thu,"Mon,Thu",Mon
G-3014,Thu,"Mon,Thu",Mon
G-3015,Thu,"Mon,Thu",Mon
G-3016,Thu,"Mon,Thu",Mon
G-3017,Thu,"Mon,Thu",Mon
G-3018,Thu,"Mon,Thu",Mon
G-3019,Thu,"Mon,Thu",Mon
G-3020,Thu,"Mon,Thu",Mon
G-3021,Thu,"Mon,Thu",Mon
G-3022,Thu,"Mon,Thu",Mon
G-3023,Thu,"Mon,Thu",Mon
G-3024,Thu,"Mon,Thu",Mon
G-3025,Thu,"Mon,Thu",Mon
G-3026,Thu,"Mon,Thu",Mon
G-3027,Thu,"Mon,Thu",Mon
G-3028,Thu,"Mon,Thu",Mon
G-3029,Thu,"Mon,Thu",Mon
G-3030,Thu,"Mon,Thu",Mon
G-3031,Thu,"Mon,Thu",Mon
G-3032,Thu,"Mon,Thu",Mon
G-3033,Thu,"Mon,Thu",Mon
G-3034,Thu,"Mon,Thu",Mon
G-3035,Thu,"Mon,Thu",Mon
G-3036,Thu,"Mon,Thu",Mon
G-3037,Thu,"Mon,Thu",Mon
G-3038,Thu,"Mon,Thu",Mon
G-3039,Thu,"Mon,Thu",Mon
G-3040,Thu,"Mon,Thu",Mon
G-3041,Thu,"Mon,Thu",Mon
G-3042,Thu,"Mon,Thu",Mon
G-3043,Thu,"Mon,Thu",Mon
G-3044,Thu,"Mon,Thu",Mon
G-3045,Thu,"Mon,Thu",Mon
G-3046,Thu,"Mon,Thu",Mon
G-3047,Thu,"Mon,Thu",Mon
G-3048,Thu,"Mon,Thu",Mon
G-3049,Thu,"Mon,Thu",Mon
G-3050,Thu,"Mon,Thu",Mon
G-3052,Thu,"Mon,Thu",Mon
G-3054,Thu,"Mon,Thu",Mon
G-3056,Thu,"Mon,Thu",Mon
G-3058,Thu,"Mon,Thu",Mon
G-3060,Thu,"Mon,Thu",Mon
G-3062,Thu,"Mon,Thu",Mon
G-3064,Thu,"Mon,Thu",Mon
G-3066,Thu,"Mon,Thu",Mon
G-3068,Thu,"Mon,Thu",Mon
G-3070,Thu,"Mon,Thu",Mon
G-3072,Thu,"Mon,Thu",Mon
G-3074,Thu,"Mon,Thu",Mon
G-3076,Thu,"Mon,Thu",Mon
G-3078,Thu,"Mon,Thu",Mon
G-3080,Thu,"Mon,Thu",Mon
G-3082,Thu,"Mon,Thu",Mon
G-3051-AB,Thu,"Mon,Thu",Mon
G-3051-CD,Thu,"Mon,Thu",Mon
G-3053-AB,Thu,"Mon,Thu",Mon
G-3053-CD,Thu,"Mon,Thu",Mon
G-3055-AB,Thu,"Mon,Thu",Mon
G-3055-CD,Thu,"Mon,Thu",Mon
G-3057AB,Thu,"Mon,Thu",Mon
G-3057CD,Thu,"Mon,Thu",Mon
G-3059-AB,Thu,"Mon,Thu",Mon
G-3059-CD,Thu,"Mon,Thu",Mon
G-3061-AB,Thu,"Mon,Thu",Mon
G-3061-CD,Thu,"Mon,Thu",Mon
G-3100,Thu,"Mon,Thu",Mon
G-3101,Thu,"Mon,Thu",Mon
G-3102,Thu,"Mon,Thu",Mon
G-3103,Thu,"Mon,Thu",Mon
G-3104,Thu,"Mon,Thu",Mon
G-3105,Thu,"Mon,Thu",Mon
G-3106,Thu,"Mon,Thu",Mon
G-3107,Thu,"Mon,Thu",Mon
G-3108,Thu,"Mon,Thu",Mon
G-3109,Thu,"Mon,Thu",Mon
G-3110,Thu,"Mon,Thu",Mon
G-3111,Thu,"Mon,Thu",Mon
G-3112,Thu,"Mon,Thu",Mon
G-3113,Thu,"Mon,Thu",Mon
G-3114,Thu,"Mon,Thu",Mon
G-3115,Thu,"Mon,Thu",Mon
G-3116,Thu,"Mon,Thu",Mon
G-3117,Thu,"Mon,Thu",Mon
G-3118,Thu,"Mon,Thu",Mon
G-3119,Thu,"Mon,Thu",Mon
G-3120,Thu,"Mon,Thu",Mon
G-3121,Thu,"Mon,Thu",Mon
G-3122,Thu,"Mon,Thu",Mon
G-3123,Thu,"Mon,Thu",Mon
G-3124,Thu,"Mon,Thu",Mon
G-3125,Thu,"Mon,Thu",Mon
G-3126,Thu,"Mon,Thu",Mon
G-3127,Thu,"Mon,Thu",Mon
G-3128,Thu,"Mon,Thu",Mon
G-3129,Thu,"Mon,Thu",Mon
G-3130,Thu,"Mon,Thu",Mon
G-3131,Thu,"Mon,Thu",Mon
G-3132,Thu,"Mon,Thu",Mon
G-3133,Thu,"Mon,Thu",Mon
G-3134,Thu,"Mon,Thu",Mon
G-3135,Thu,"Mon,Thu",Mon
G-3136,Thu,"Mon,Thu",Mon
G-3137,Thu,"Mon,Thu",Mon
G-3138,Thu,"Mon,Thu",Mon
G-3139,Thu,"Mon,Thu",Mon
G-3140,Thu,"Mon,Thu",Mon
G-3141,Thu,"Mon,Thu",Mon
G-3142,Thu,"Mon,Thu",Mon
G-3143,Thu,"Mon,Thu",Mon
G-3144,Thu,"Mon,Thu",Mon
G-3145,Thu,"Mon,Thu",Mon
G-3146,Thu,"Mon,Thu",Mon
G-3147,Thu,"Mon,Thu",Mon
G-3148,Thu,"Mon,Thu",Mon
G-3149,Thu,"Mon,Thu",Mon
G-3150,Thu,"Mon,Thu",Mon
G-3155,Thu,"Mon,Thu",Mon
G-3156,Thu,"Mon,Thu",Mon
G-3157,Thu,"Mon,Thu",Mon
G-3158,Thu,"Mon,Thu",Mon
G-3159,Thu,"Mon,Thu",Mon
G-3160,Thu,"Mon,Thu",Mon
G-3161,Thu,"Mon,Thu",Mon
G-3162,Thu,"Mon,Thu",Mon
G-3163,Thu,"Mon,Thu",Mon
G-3164,Thu,"Mon,Thu",Mon
G-3165,Thu,"Mon,Thu",Mon
G-3166,Thu,"Mon,Thu",Mon
G-3167,Thu,"Mon,Thu",Mon
G-3168,Thu,"Mon,Thu",Mon
G-3169,Thu,"Mon,Thu",Mon
G-3170,Thu,"Mon,Thu",Mon
G-3171,Thu,"Mon,Thu",Mon
G-3172,Thu,"Mon,Thu",Mon
G-3173,Thu,"Mon,Thu",Mon
G-3174,Thu,"Mon,Thu",Mon
G-3175,Thu,"Mon,Thu",Mon
G-3176,Thu,"Mon,Thu",Mon
G-3177,Thu,"Mon,Thu",Mon
G-3178,Thu,"Mon,Thu",Mon
G-3179,Thu,"Mon,Thu",Mon
G-3180,Thu,"Mon,Thu",Mon
G-3181,Thu,"Mon,Thu",Mon
G-3182,Thu,"Mon,Thu",Mon
G-3183,Thu,"Mon,Thu",Mon
G-3184,Thu,"Mon,Thu",Mon
G-3185,Thu,"Mon,Thu",Mon
G-3186,Thu,"Mon,Thu",Mon
G-3187,Thu,"Mon,Thu",Mon
G-3188,Thu,"Mon,Thu",Mon
G-3189,Thu,"Mon,Thu",Mon
G-3190,Thu,"Mon,Thu",Mon
G-3191,Thu,"Mon,Thu",Mon
G-3192,Thu,"Mon,Thu",Mon
G-3193,Thu,"Mon,Thu",Mon
G-3194,Thu,"Mon,Thu",Mon
G-3195,Thu,"Mon,Thu",Mon
G-3196,Thu,"Mon,Thu",Mon
G-3197,Thu,"Mon,Thu",Mon
G-3198,Thu,"Mon,Thu",Mon
G-3199,Thu,"Mon,Thu",Mon
G-3151-AB,Thu,"Mon,Thu",Mon
G-3151-CD,Thu,"Mon,Thu",Mon
G-3152-AB,Thu,"Mon,Thu",Mon
G-3152-CD,Thu,"Mon,Thu",Mon
G-3153-AB,Thu,"Mon,Thu",Mon
G-3153-CD,Thu,"Mon,Thu",Mon
G-3154-AB,Thu,"Mon,Thu",Mon
G-3154-CD,Thu,"Mon,Thu",Mon
G-3200,Mon,"Mon,Thu",Mon
G-3201,Mon,"Mon,Thu",Mon
G-3202,Mon,"Mon,Thu",Mon
G-3203,Mon,"Mon,Thu",Mon
G-3204,Mon,"Mon,Thu",Mon
G-3205,Mon,"Mon,Thu",Mon
G-3206,Mon,"Mon,Thu",Mon
G-3207,Mon,"Mon,Thu",Mon
G-3208,Mon,"Mon,Thu",Mon
G-3209,Mon,"Mon,Thu",Mon
G-3210,Mon,"Mon,Thu",Mon
G-3211,Mon,"Mon,Thu",Mon
G-3212,Mon,"Mon,Thu",Mon
G-3213,Mon,"Mon,Thu",Mon
G-3214,Mon,"Mon,Thu",Mon
G-3215,Mon,"Mon,Thu",Mon
G-3216,Mon,"Mon,Thu",Mon
G-3217,Mon,"Mon,Thu",Mon
G-3300,Mon,"Mon,Thu",Mon
G-3301,Mon,"Mon,Thu",Mon
G-3302,Mon,"Mon,Thu",Mon
G-3303,Mon,"Mon,Thu",Mon
G-3304,Mon,"Mon,Thu",Mon
G-3305,Mon,"Mon,Thu",Mon
G-3306,Mon,"Mon,Thu",Mon
G-3307,Mon,"Mon,Thu",Mon
G-3308,Mon,"Mon,Thu",Mon
G-3309,Mon,"Mon,Thu",Mon
G-3310,Mon,"Mon,Thu",Mon
G-3311,Mon,"Mon,Thu",Mon
G-3312,Mon,"Mon,Thu",Mon
G-3313,Mon,"Mon,Thu",Mon
G-3314,Mon,"Mon,Thu",Mon
G-3315,Mon,"Mon,Thu",Mon
G-3316,Mon,"Mon,Thu",Mon
G-3317,Mon,"Mon,Thu",Mon
G-3318,Mon,"Mon,Thu",Mon
G-3319,Mon,"Mon,Thu",Mon
G-3320,Mon,"Mon,Thu",Mon
G-3321,Mon,"Mon,Thu",Mon
G-3322,Mon,"Mon,Thu",Mon
G-3323,Mon,"Mon,Thu",Mon
G-3324,Mon,"Mon,Thu",Mon
G-3325,Mon,"Mon,Thu",Mon
G-3326,Mon,"Mon,Thu",Mon
G-3327,Mon,"Mon,Thu",Mon
G-3328,Mon,"Mon,Thu",Mon
G-3329,Mon,"Mon,Thu",Mon
G-3330,Mon,"Mon,Thu",Mon
G-3331,Mon,"Mon,Thu",Mon
G-3332,Mon,"Mon,Thu",Mon
G-3333,Mon,"Mon,Thu",Mon
G-3334,Mon,"Mon,Thu",Mon
G-3335,Mon,"Mon,Thu",Mon
G-3336,Mon,"Mon,Thu",Mon
G-3337,Mon,"Mon,Thu",Mon
G-3338,Mon,"Mon,Thu",Mon
G-3339,Mon,"Mon,Thu",Mon
G-3340,Mon,"Mon,Thu",Mon
G-3341,Mon,"Mon,Thu",Mon
G-3342,Mon,"Mon,Thu",Mon
G-3343,Mon,"Mon,Thu",Mon
G-3344,Mon,"Mon,Thu",Mon
G-3345,Mon,"Mon,Thu",Mon
G-3346,Mon,"Mon,Thu",Mon
G-3347,Mon,"Mon,Thu",Mon
G-3348,Mon,"Mon,Thu",Mon
G-3349,Mon,"Mon,Thu",Mon
G-3350,Mon,"Mon,Thu",Mon
G-3351,Mon,"Mon,Thu",Mon
G-3353,Mon,"Mon,Thu",Mon
G-3355,Mon,"Mon,Thu",Mon
G-3357,Mon,"Mon,Thu",Mon
G-3359,Mon,"Mon,Thu",Mon
G-3361,Mon,"Mon,Thu",Mon
G-3363,Mon,"Mon,Thu",Mon
G-3365,Mon,"Mon,Thu",Mon
G-3367,Mon,"Mon,Thu",Mon
G-3369,Mon,"Mon,Thu",Mon
G-3371,Mon,"Mon,Thu",Mon
G-3373,Mon,"Mon,Thu",Mon
G-3375,Mon,"Mon,Thu",Mon
G-3377,Mon,"Mon,Thu",Mon
G-3379,Mon,"Mon,Thu",Mon
G-3380,Mon,"Mon,Thu",Mon
G-3381,Mon,"Mon,Thu",Mon
G-3382,Mon,"Mon,Thu",Mon
G-3383,Mon,"Mon,Thu",Mon
G-3384,Mon,"Mon,Thu",Mon
G-3385,Mon,"Mon,Thu",Mon
G-3386,Mon,"Mon,Thu",Mon
G-3387,Mon,"Mon,Thu",Mon
G-3388,Mon,"Mon,Thu",Mon
G-3389,Mon,"Mon,Thu",Mon
G-3391,Mon,"Mon,Thu",Mon
G-3352-AB,Mon,"Mon,Thu",Mon
G-3352-CD,Mon,"Mon,Thu",Mon
G-3354-AB,Mon,"Mon,Thu",Mon
G-3354-CD,Mon,"Mon,Thu",Mon
G-3356-AB,Mon,"Mon,Thu",Mon
G-3356-CD,Mon,"Mon,Thu",Mon
G-3358-AB,Mon,"Mon,Thu",Mon
G-3358-CD,Mon,"Mon,Thu",Mon
G-3400,Mon,"Mon,Thu",Mon
G-3401,Mon,"Mon,Thu",Mon
G-3402,Mon,"Mon,Thu",Mon
G-3403,Mon,"Mon,Thu",Mon
G-3404,Mon,"Mon,Thu",Mon
G-3405,Mon,"Mon,Thu",Mon
G-3406,Mon,"Mon,Thu",Mon
G-3407,Mon,"Mon,Thu",Mon
G-3408,Mon,"Mon,Thu",Mon
G-3409,Mon,"Mon,Thu",Mon
G-3410,Mon,"Mon,Thu",Mon
G-3411,Mon,"Mon,Thu",Mon
G-3412,Mon,"Mon,Thu",Mon
G-3413,Mon,"Mon,Thu",Mon
G-3414,Mon,"Mon,Thu",Mon
G-3415,Mon,"Mon,Thu",Mon
G-3416,Mon,"Mon,Thu",Mon
G-3417,Mon,"Mon,Thu",Mon
G-3418,Mon,"Mon,Thu",Mon
G-3419,Mon,"Mon,Thu",Mon
G-3420,Mon,"Mon,Thu",Mon
G-3421,Mon,"Mon,Thu",Mon
G-3422,Mon,"Mon,Thu",Mon
G-3423,Mon,"Mon,Thu",Mon
G-3424,Mon,"Mon,Thu",Mon
G-3425,Mon,"Mon,Thu",Mon
G-3426,Mon,"Mon,Thu",Mon
G-3427,Mon,"Mon,Thu",Mon
G-3428,Mon,"Mon,Thu",Mon
G-3429,Mon,"Mon,Thu",Mon
G-3430,Mon,"Mon,Thu",Mon
G-3431,Mon,"Mon,Thu",Mon
G-3432,Mon,"Mon,Thu",Mon
G-3434,Mon,"Mon,Thu",Mon
G-3436,Mon,"Mon,Thu",Mon
G-3438,Mon,"Mon,Thu",Mon
G-3439,Mon,"Mon,Thu",Mon
G-3440,Mon,"Mon,Thu",Mon
G-3442,Mon,"Mon,Thu",Thu
G-3444,Mon,"Mon,Thu",Thu
G-3445,Mon,"Mon,Thu",Thu
G-3446,Mon,"Mon,Thu",Thu
G-3447,Mon,"Mon,Thu",Thu
G-3448,Mon,"Mon,Thu",Thu
G-3449,Mon,"Mon,Thu",Thu
G-3450,Mon,"Mon,Thu",Thu
G-3451,Mon,"Mon,Thu",Thu
G-3453,Mon,"Mon,Thu",Thu
G-3433AB,Mon,"Mon,Thu",Mon
G-3433CD,Mon,"Mon,Thu",Mon
G-3435AB,Mon,"Mon,Thu",Mon
G-3435CD,Mon,"Mon,Thu",Mon
G-3437-AB,Mon,"Mon,Thu",Mon
G-3437-CD,Mon,"Mon,Thu",Mon
G-3439-AB,Mon,"Mon,Thu",Mon
G-3441-AB,Mon,"Mon,Thu",Mon
G-3441-CD,Mon,"Mon,Thu",Mon
G-3443-AB,Mon,"Mon,Thu",Mon
G-3443-CD,Mon,"Mon,Thu",Mon
G-3500,Mon,"Mon,Thu",Thu
G-3501,Mon,"Mon,Thu",Thu
G-3502,Mon,"Mon,Thu",Thu
G-3503,Mon,"Mon,Thu",Thu
G-3504,Mon,"Mon,Thu",Thu
G-3505,Mon,"Mon,Thu",Thu
G-3506,Mon,"Mon,Thu",Thu
G-3507,Mon,"Mon,Thu",Thu
G-3508,Mon,"Mon,Thu",Thu
G-3509,Mon,"Mon,Thu",Thu
G-3510,Mon,"Mon,Thu",Thu
G-3511,Mon,"Mon,Thu",Thu
G-3512,Mon,"Mon,Thu",Thu
G-3513,Mon,"Mon,Thu",Thu
G-3514,Mon,"Mon,Thu",Thu
G-3515,Mon,"Mon,Thu",Thu
G-3516,Mon,"Mon,Thu",Thu
G-3517,Mon,"Mon,Thu",Thu
G-3518,Mon,"Mon,Thu",Thu
G-3519,Mon,"Mon,Thu",Thu
G-3520,Mon,"Mon,Thu",Thu
G-3521,Mon,"Mon,Thu",Thu
G-3522,Mon,"Mon,Thu",Thu
G-3523,Mon,"Mon,Thu",Thu
G-3524,Mon,"Mon,Thu",Thu
G-3525,Mon,"Mon,Thu",Thu
G-3526,Mon,"Mon,Thu",Thu
G-3527,Mon,"Mon,Thu",Thu
G-3528,Mon,"Mon,Thu",Thu
G-3529,Mon,"Mon,Thu",Thu
G-3530,Mon,"Mon,Thu",Thu
G-3531,Mon,"Mon,Thu",Thu
G-3532,Mon,"Mon,Thu",Thu
G-3533,Mon,"Mon,Thu",Thu
G-3535,Mon,"Mon,Thu",Thu
G-3537,Mon,"Mon,Thu",Thu
G-3539,Mon,"Mon,Thu",Thu
G-3541,Mon,"Mon,Thu",Thu
G-3600,Mon,"Mon,Thu",Thu
G-3602,Mon,"Mon,Thu",Thu
G-3604,Mon,"Mon,Thu",Thu
G-3605,Mon,"Mon,Thu",Thu
G-3606,Mon,"Mon,Thu",Thu
G-3607,Mon,"Mon,Thu",Thu
G-3608,Mon,"Mon,Thu",Thu
G-3609,Mon,"Mon,Thu",Thu
G-3610,Mon,"Mon,Thu",Thu
G-3611,Mon,"Mon,Thu",Thu
G-3612,Mon,"Mon,Thu",Thu
G-3613,Mon,"Mon,Thu",Thu
G-3614,Mon,"Mon,Thu",Thu
G-3615,Mon,"Mon,Thu",Thu
G-3616,Mon,"Mon,Thu",Thu
G-3617,Mon,"Mon,Thu",Thu
G-3618,Mon,"Mon,Thu",Thu
G-3619,Mon,"Mon,Thu",Thu
G-3620,Mon,"Mon,Thu",Thu
G-3622,Mon,"Mon,Thu",Thu
G-3624,Mon,"Mon,Thu",Thu
G-3626,Mon,"Mon,Thu",Thu
G-3627,Mon,"Mon,Thu",Thu
G-3628,Mon,"Mon,Thu",Thu
G-3629,Mon,"Mon,Thu",Thu
G-3630,Mon,"Mon,Thu",Thu
G-3631,Mon,"Mon,Thu",Thu
G-3632,Mon,"Mon,Thu",Thu
G-3633,Mon,"Mon,Thu",Thu
G-3634,Mon,"Mon,Thu",Thu
G-3635,Mon,"Mon,Thu",Thu
G-3636,Mon,"Mon,Thu",Thu
G-3637,Mon,"Mon,Thu",Thu
G-3638,Mon,"Mon,Thu",Thu
G-3639,Mon,"Mon,Thu",Thu
G-3640,Mon,"Mon,Thu",Thu
G-3642,Mon,"Mon,Thu",Thu
G-3644,Mon,"Mon,Thu",Thu
G-3646,Mon,"Mon,Thu",Thu
G-3648,Mon,"Mon,Thu",Thu
G-3650,Mon,"Mon,Thu",Thu
G-3652,Mon,"Mon,Thu",Thu
G-3621-AB,Thu,"Mon,Thu",Thu
G-3621-CD,Thu,"Mon,Thu",Thu
G-3623-AB,Thu,"Mon,Thu",Thu
G-3623-CD,Thu,"Mon,Thu",Thu
G-3625-AB,Thu,"Mon,Thu",Thu
G-3625-CD,Thu,"Mon,Thu",Thu
G-3645-AB,Thu,"Mon,Thu",Thu
G-3645-CD,Thu,"Mon,Thu",Thu
G-3647-AB,Thu,"Mon,Thu",Thu
G-3647-CD,Thu,"Mon,Thu",Thu
G-3649-AB,Thu,"Mon,Thu",Thu
G-3649-CD,Thu,"Mon,Thu",Thu
G-3651-AB,Thu,"Mon,Thu",Thu
G-3651-CD,Thu,"Mon,Thu",Thu
G-3653-AB,Thu,"Mon,Thu",Thu
G-3653-CD,Thu,"Mon,Thu",Thu
G-3655-CD,Thu,"Mon,Thu",Thu
G-3655-AB,Thu,"Mon,Thu",Thu
G-1000,Sun,"Sun,Wed",Wed
G-1001,Sun,"Sun,Wed",Wed
G-1002,Sun,"Sun,Wed",Wed
G-1003,Sun,"Sun,Wed",Wed
G-1004,Sun,"Sun,Wed",Wed
G-1005,Sun,"Sun,Wed",Wed
G-1006,Sun,"Sun,Wed",Wed
G-1007,Sun,"Sun,Wed",Wed
G-1008,Sun,"Sun,Wed",Wed
G-1009,Sun,"Sun,Wed",Wed
G-1010,Sun,"Sun,Wed",Wed
G-1011,Sun,"Sun,Wed",Wed
G-1012,Sun,"Sun,Wed",Wed
G-1013,Sun,"Sun,Wed",Wed
G-1014,Sun,"Sun,Wed",Wed
G-1015,Sun,"Sun,Wed",Wed
G-1016,Sun,"Sun,Wed",Wed
G-1017,Sun,"Sun,Wed",Wed
G-1018,Sun,"Sun,Wed",Wed
G-1019,Sun,"Sun,Wed",Wed
G-1020,Sun,"Sun,Wed",Wed
G-1021,Sun,"Sun,Wed",Wed
G-1022,Sun,"Sun,Wed",Wed
G-1023,Sun,"Sun,Wed",Wed
G-1024,Sun,"Sun,Wed",Wed
G-1025,Sun,"Sun,Wed",Wed
G-1026,Sun,"Sun,Wed",Wed
G-1027,Sun,"Sun,Wed",Wed
G-1028,Sun,"Sun,Wed",Wed
G-1029,Sun,"Sun,Wed",Wed
G-1030,Sun,"Sun,Wed",Wed
G-1031,Sun,"Sun,Wed",Wed
G-1032,Sun,"Sun,Wed",Wed
G-1033,Sun,"Sun,Wed",Wed
G-1034,Sun,"Sun,Wed",Wed
G-1035,Sun,"Sun,Wed",Wed
G-1036,Sun,"Sun,Wed",Wed
G-1037,Sun,"Sun,Wed",Wed
G-1038,Sun,"Sun,Wed",Wed
G-1039,Sun,"Sun,Wed",Wed
G-1040,Sun,"Sun,Wed",Wed
G-1041,Sun,"Sun,Wed",Wed
G-1042,Sun,"Sun,Wed",Wed
G-1043,Sun,"Sun,Wed",Wed
G-1044,Sun,"Sun,Wed",Wed
G-1045,Sun,"Sun,Wed",Wed
G-1046,Sun,"Sun,Wed",Wed
G-1047,Sun,"Sun,Wed",Wed
G-1048,Sun,"Sun,Wed",Wed
G-1049,Sun,"Sun,Wed",Wed
G-1050,Sun,"Sun,Wed",Wed
G-1051,Sun,"Sun,Wed",Wed
G-1052,Sun,"Sun,Wed",Wed
G-1053,Sun,"Sun,Wed",Wed
G-1054,Sun,"Sun,Wed",Wed
G-1056,Sun,"Sun,Wed",Wed
G-1100,Sun,"Sun,Wed",Wed
G-1101,Sun,"Sun,Wed",Wed
G-1102,Sun,"Sun,Wed",Wed
G-1103,Sun,"Sun,Wed",Wed
G-1104,Sun,"Sun,Wed",Wed
G-1105,Sun,"Sun,Wed",Wed
G-1106,Sun,"Sun,Wed",Wed
G-1107,Sun,"Sun,Wed",Wed
G-1108,Sun,"Sun,Wed",Wed
G-1109,Sun,"Sun,Wed",Wed
G-1110,Sun,"Sun,Wed",Wed
G-1111,Sun,"Sun,Wed",Wed
G-1112,Sun,"Sun,Wed",Wed
G-1113,Sun,"Sun,Wed",Wed
G-1114,Sun,"Sun,Wed",Wed
G-1115,Sun,"Sun,Wed",Wed
G-1116,Sun,"Sun,Wed",Wed
G-1117,Sun,"Sun,Wed",Wed
G-1118,Sun,"Sun,Wed",Wed
G-1119,Sun,"Sun,Wed",Wed
G-1120,Sun,"Sun,Wed",Wed
G-1121,Sun,"Sun,Wed",Wed
G-1122,Sun,"Sun,Wed",Wed
G-1123,Sun,"Sun,Wed",Wed
G-1124,Sun,"Sun,Wed",Wed
G-1125,Sun,"Sun,Wed",Wed
G-1126,Sun,"Sun,Wed",Wed
G-1127,Sun,"Sun,Wed",Wed
G-1128,Sun,"Sun,Wed",Wed
G-1129,Sun,"Sun,Wed",Wed
G-1130,Sun,"Sun,Wed",Wed
G-1131,Sun,"Sun,Wed",Wed
G-1132,Sun,"Sun,Wed",Wed
G-1133,Sun,"Sun,Wed",Wed
G-1134,Sun,"Sun,Wed",Wed
G-1135,Sun,"Sun,Wed",Wed
G-1136,Sun,"Sun,Wed",Wed
G-1137,Sun,"Sun,Wed",Wed
G-1138,Sun,"Sun,Wed",Wed
G-1139,Sun,"Sun,Wed",Wed
G-1140,Sun,"Sun,Wed",Wed
G-1141,Sun,"Sun,Wed",Wed
G-1142,Sun,"Sun,Wed",Wed
G-1143,Sun,"Sun,Wed",Wed
G-1144,Sun,"Sun,Wed",Wed
G-1145,Sun,"Sun,Wed",Wed
G-1146,Sun,"Sun,Wed",Wed
G-1147,Sun,"Sun,Wed",Wed
G-1148,Sun,"Sun,Wed",Wed
G-1149,Sun,"Sun,Wed",Wed
G-1150,Sun,"Sun,Wed",Wed
G-1151,Sun,"Sun,Wed",Wed
G-1152,Sun,"Sun,Wed",Wed
G-1153,Sun,"Sun,Wed",Wed
G-1154,Sun,"Sun,Wed",Wed
G-1155,Sun,"Sun,Wed",Wed
G-1156,Sun,"Sun,Wed",Wed
G-1157,Sun,"Sun,Wed",Wed
G-1158,Sun,"Sun,Wed",Wed
G-1159,Sun,"Sun,Wed",Wed
G-1160,Sun,"Sun,Wed",Wed
G-1161,Sun,"Sun,Wed",Wed
G-1162,Sun,"Sun,Wed",Wed
G-1163,Sun,"Sun,Wed",Wed
G-1164,Sun,"Sun,Wed",Wed
G-1165,Sun,"Sun,Wed",Wed
G-1166,Sun,"Sun,Wed",Wed
G-1167,Sun,"Sun,Wed",Wed
G-1168,Sun,"Sun,Wed",Wed
G-1169,Sun,"Sun,Wed",Wed
G-1170,Sun,"Sun,Wed",Wed
G-1171,Sun,"Sun,Wed",Wed
G-1172,Sun,"Sun,Wed",Wed
G-1173,Sun,"Sun,Wed",Wed
G-1174,Sun,"Sun,Wed",Wed
G-1175,Sun,"Sun,Wed",Wed
G-1177,Sun,"Sun,Wed",Wed
G-1179,Sun,"Sun,Wed",Wed
G-1181,Sun,"Sun,Wed",Wed
G-1183,Sun,"Sun,Wed",Wed
G-1185,Sun,"Sun,Wed",Wed
G-1187,Sun,"Sun,Wed",Wed
G-1189,Sun,"Sun,Wed",Wed
G-1191,Sun,"Sun,Wed",Wed
G-1193,Sun,"Sun,Wed",Wed
G-1195,Sun,"Sun,Wed",Wed
G-1197,Sun,"Sun,Wed",Wed
G-1199,Sun,"Sun,Wed",Wed
G-1200,Sun,"Sun,Wed",Wed
G-1202,Sun,"Sun,Wed",Wed
G-1204,Sun,"Sun,Wed",Wed
G-1206,Sun,"Sun,Wed",Wed
G-1208,Sun,"Sun,Wed",Wed
G-1210,Sun,"Sun,Wed",Wed
G-1212,Sun,"Sun,Wed",Wed
G-1214,Sun,"Sun,Wed",Wed
G-1216,Sun,"Sun,Wed",Wed
G-1218,Sun,"Sun,Wed",Wed
G-1220,Sun,"Sun,Wed",Wed
G-1222,Sun,"Sun,Wed",Wed
G-1224,Sun,"Sun,Wed",Wed
G-1226,Sun,"Sun,Wed",Wed
G-1228,Sun,"Sun,Wed",Wed
G-1229,Sun,"Sun,Wed",Wed
G-1230,Sun,"Sun,Wed",Wed
G-1231,Sun,"Sun,Wed",Wed
G-1232,Sun,"Sun,Wed",Wed
G-1233,Sun,"Sun,Wed",Wed
G-1234,Sun,"Sun,Wed",Wed
G-1235,Sun,"Sun,Wed",Wed
G-1236,Sun,"Sun,Wed",Wed
G-1237,Sun,"Sun,Wed",Wed
G-1238,Sun,"Sun,Wed",Wed
G-1239,Sun,"Sun,Wed",Wed
G-1240,Sun,"Sun,Wed",Wed
G-1241,Sun,"Sun,Wed",Wed
G-1242,Sun,"Sun,Wed",Wed
G-1243,Sun,"Sun,Wed",Wed
G-1244,Sun,"Sun,Wed",Wed
G-1245,Sun,"Sun,Wed",Wed
G-1246,Sun,"Sun,Wed",Wed
G-1247,Sun,"Sun,Wed",Wed
G-1248,Sun,"Sun,Wed",Wed
G-1249,Sun,"Sun,Wed",Wed
G-1250,Sun,"Sun,Wed",Wed
G-1251,Sun,"Sun,Wed",Wed
G-1252,Sun,"Sun,Wed",Wed
G-1253,Sun,"Sun,Wed",Wed
G-1254,Sun,"Sun,Wed",Wed
G-1255,Sun,"Sun,Wed",Wed
G-1256,Sun,"Sun,Wed",Wed
G-1257,Sun,"Sun,Wed",Wed
G-1258,Sun,"Sun,Wed",Wed
G-1259,Sun,"Sun,Wed",Wed
G-1260,Sun,"Sun,Wed",Wed
G-1261,Sun,"Sun,Wed",Wed
G-1262,Sun,"Sun,Wed",Wed
G-1263,Sun,"Sun,Wed",Wed
G-1264,Sun,"Sun,Wed",Wed
G-1265,Sun,"Sun,Wed",Wed
G-1267,Sun,"Sun,Wed",Wed
G-1269,Sun,"Sun,Wed",Wed
G-1301,Sun,"Sun,Wed",Wed
G-1303,Sun,"Sun,Wed",Wed
G-1305,Sun,"Sun,Wed",Wed
G-1307,Sun,"Sun,Wed",Wed
G-1309,Sun,"Sun,Wed",Wed
G-1311,Sun,"Sun,Wed",Wed
G-1313,Sun,"Sun,Wed",Wed
G-1315,Sun,"Sun,Wed",Wed
G-1317,Sun,"Sun,Wed",Wed
G-1319,Sun,"Sun,Wed",Wed
G-1321,Sun,"Sun,Wed",Wed
G-1323,Sun,"Sun,Wed",Wed
G-1325,Sun,"Sun,Wed",Wed
G-1327,Sun,"Sun,Wed",Wed
G-1329,Sun,"Sun,Wed",Wed
G-1331,Sun,"Sun,Wed",Wed
G-1333,Sun,"Sun,Wed",Wed
G-1335,Sun,"Sun,Wed",Wed
G-1337,Sun,"Sun,Wed",Wed
G-1339,Sun,"Sun,Wed",Wed
G-1341,Sun,"Sun,Wed",Wed
G-1343,Sun,"Sun,Wed",Wed
G-1345,Sun,"Sun,Wed",Wed
G-1347,Sun,"Sun,Wed",Wed
G-1349,Sun,"Sun,Wed",Wed
G-1351,Sun,"Sun,Wed",Wed
G-1353,Sun,"Sun,Wed",Wed
G-1355,Sun,"Sun,Wed",Wed
G-1357,Sun,"Sun,Wed",Wed
G-1359,Sun,"Sun,Wed",Wed
G-1360,Sun,"Sun,Wed",Wed
G-1361,Sun,"Sun,Wed",Wed
G-1362,Sun,"Sun,Wed",Wed
G-1363,Sun,"Sun,Wed",Wed
G-1364,Sun,"Sun,Wed",Wed
G-1365,Sun,"Sun,Wed",Wed
G-1366,Sun,"Sun,Wed",Wed
G-1367,Sun,"Sun,Wed",Wed
G-1368,Sun,"Sun,Wed",Wed
G-1369,Sun,"Sun,Wed",Wed
G-1370,Sun,"Sun,Wed",Wed
G-1371,Sun,"Sun,Wed",Wed
G-1372,Sun,"Sun,Wed",Wed
G-1373,Sun,"Sun,Wed",Wed
G-1374,Sun,"Sun,Wed",Wed
G-1375,Sun,"Sun,Wed",Wed
G-1376,Sun,"Sun,Wed",Wed
G-1377,Sun,"Sun,Wed",Wed
G-1378,Sun,"Sun,Wed",Wed
G-1379,Sun,"Sun,Wed",Wed
G-1380,Sun,"Sun,Wed",Wed
G-1381,Sun,"Sun,Wed",Wed
G-1382,Sun,"Sun,Wed",Wed
G-1383,Sun,"Sun,Wed",Wed
G-1384,Sun,"Sun,Wed",Wed
G-1385,Sun,"Sun,Wed",Wed
G-1386,Sun,"Sun,Wed",Wed
G-1387,Sun,"Sun,Wed",Wed
G-1388,Sun,"Sun,Wed",Wed
G-1389,Sun,"Sun,Wed",Wed
G-1390,Sun,"Sun,Wed",Wed
G-1401,Sun,"Sun,Wed",Thu
G-1403,Sun,"Sun,Wed",Thu
G-1405,Sun,"Sun,Wed",Thu
G-1407,Sun,"Sun,Wed",Thu
G-1409,Sun,"Sun,Wed",Thu
G-1411,Sun,"Sun,Wed",Thu
G-1413,Sun,"Sun,Wed",Thu
G-1415,Sun,"Sun,Wed",Thu
G-1417,Sun,"Sun,Wed",Thu
G-1419,Sun,"Sun,Wed",Thu
G-1421,Sun,"Sun,Wed",Thu
G-1423,Sun,"Sun,Wed",Thu
G-1425,Sun,"Sun,Wed",Thu
G-1427,Sun,"Sun,Wed",Thu
G-1429,Sun,"Sun,Wed",Thu
G-1431,Sun,"Sun,Wed",Thu
G-1433,Sun,"Sun,Wed",Thu
G-1435,Sun,"Sun,Wed",Wed
G-1437,Sun,"Sun,Wed",Wed
G-1439,Sun,"Sun,Wed",Wed
G-1441,Sun,"Sun,Wed",Wed
G-1443,Sun,"Sun,Wed",Wed
G-1445,Sun,"Sun,Wed",Wed
G-1447,Sun,"Sun,Wed",Wed
G-1449,Sun,"Sun,Wed",Wed
G-1451,Sun,"Sun,Wed",Wed
G-1453,Sun,"Sun,Wed",Wed
G-1455,Sun,"Sun,Wed",Wed
G-1457,Sun,"Sun,Wed",Wed
G-1459,Sun,"Sun,Wed",Wed
G-1461,Sun,"Sun,Wed",Wed
G-1463,Sun,"Sun,Wed",Wed
G-1500,Sun,"Sun,Wed",Thu
G-1501,Sun,"Sun,Wed",Thu
G-1502,Sun,"Sun,Wed",Thu
G-1503,Sun,"Sun,Wed",Thu
G-1504,Sun,"Sun,Wed",Thu
G-1505,Sun,"Sun,Wed",Thu
G-1506,Sun,"Sun,Wed",Thu
G-1507,Sun,"Sun,Wed",Thu
G-1508,Sun,"Sun,Wed",Thu
G-1509,Sun,"Sun,Wed",Thu
G-1510,Sun,"Sun,Wed",Thu
G-1511,Sun,"Sun,Wed",Thu
G-1512,Sun,"Sun,Wed",Thu
G-1513,Sun,"Sun,Wed",Thu
G-1514,Sun,"Sun,Wed",Thu
G-1515,Sun,"Sun,Wed",Thu
G-1516,Sun,"Sun,Wed",Thu
G-1517,Sun,"Sun,Wed",Thu
G-1518,Sun,"Sun,Wed",Thu
G-1519,Sun,"Sun,Wed",Thu
G-1520,Sun,"Sun,Wed",Thu
G-1521,Sun,"Sun,Wed",Thu
G-1522,Sun,"Sun,Wed",Thu
G-1523,Sun,"Sun,Wed",Thu
G-1524,Sun,"Sun,Wed",Thu
G-1525,Sun,"Sun,Wed",Thu
G-1526,Sun,"Sun,Wed",Thu
G-1527,Sun,"Sun,Wed",Thu
G-1529,Sun,"Sun,Wed",Thu
G-1531,Sun,"Sun,Wed",Thu
G-1533,Sun,"Sun,Wed",Thu
G-1535,Sun,"Sun,Wed",Thu
G-1537,Sun,"Sun,Wed",Thu
G-1539,Sun,"Sun,Wed",Thu
G-1541,Sun,"Sun,Wed",Wed
G-1543,Sun,"Sun,Wed",Wed
G-1545,Sun,"Sun,Wed",Wed
G-1547,Sun,"Sun,Wed",Wed
G-1549,Sun,"Sun,Wed",Wed
G-1551,Sun,"Sun,Wed",Wed
G-1553,Sun,"Sun,Wed",Wed
G-1555,Sun,"Sun,Wed",Wed
G-1557,Sun,"Sun,Wed",Wed
G-1559,Sun,"Sun,Wed",Wed
G-1561,Sun,"Sun,Wed",Wed
G-1563,Sun,"Sun,Wed",Wed
G-1600,Wed,"Sun,Wed",Thu
G-1601,Wed,"Sun,Wed",Thu
G-1602,Wed,"Sun,Wed",Thu
G-1603,Wed,"Sun,Wed",Thu
G-1604,Wed,"Sun,Wed",Thu
G-1605,Wed,"Sun,Wed",Thu
G-1606,Wed,"Sun,Wed",Thu
G-1607,Wed,"Sun,Wed",Thu
G-1608,Wed,"Sun,Wed",Thu
G-1609,Wed,"Sun,Wed",Thu
G-1610,Wed,"Sun,Wed",Thu
G-1611,Wed,"Sun,Wed",Thu
G-1612,Wed,"Sun,Wed",Thu
G-1613,Wed,"Sun,Wed",Thu
G-1614,Wed,"Sun,Wed",Thu
G-1615,Wed,"Sun,Wed",Thu
G-1616,Wed,"Sun,Wed",Thu
G-1617,Wed,"Sun,Wed",Thu
G-1618,Wed,"Sun,Wed",Thu
G-1619,Wed,"Sun,Wed",Thu
G-1620,Wed,"Sun,Wed",Thu
G-1621,Wed,"Sun,Wed",Thu
G-1622,Wed,"Sun,Wed",Thu
G-1623,Wed,"Sun,Wed",Thu
G-1624,Wed,"Sun,Wed",Thu
G-1625,Wed,"Sun,Wed",Thu
G-1626,Wed,"Sun,Wed",Thu
G-1627,Wed,"Sun,Wed",Thu
G-1628,Wed,"Sun,Wed",Thu
G-1629,Wed,"Sun,Wed",Thu
G-1630,Wed,"Sun,Wed",Thu
G-1631,Wed,"Sun,Wed",Thu
G-1632,Wed,"Sun,Wed",Thu
G-1633,Wed,"Sun,Wed",Thu
G-1634,Wed,"Sun,Wed",Thu
G-1635,Wed,"Sun,Wed",Thu
G-1636,Wed,"Sun,Wed",Thu
G-1637,Wed,"Sun,Wed",Thu
G-1638,Wed,"Sun,Wed",Thu
G-1639,Wed,"Sun,Wed",Thu
G-1640,Wed,"Sun,Wed",Thu
G-1641,Wed,"Sun,Wed",Thu
G-1642,Wed,"Sun,Wed",Thu
G-1643,Wed,"Sun,Wed",Thu
G-1644,Wed,"Sun,Wed",Thu
G-1645,Wed,"Sun,Wed",Wed
G-1646,Wed,"Sun,Wed",Wed
G-1647,Wed,"Sun,Wed",Wed
G-1648,Wed,"Sun,Wed",Wed
G-1649,Wed,"Sun,Wed",Wed
G-1650,Wed,"Sun,Wed",Wed
G-1651,Wed,"Sun,Wed",Wed
G-1652,Wed,"Sun,Wed",Wed
G-1653,Wed,"Sun,Wed",Wed
G-1654,Wed,"Sun,Wed",Wed
G-1655,Wed,"Sun,Wed",Wed
G-1656,Wed,"Sun,Wed",Wed
G-1657,Wed,"Sun,Wed",Wed
G-1658,Wed,"Sun,Wed",Wed
G-1659,Wed,"Sun,Wed",Wed
G-1660,Wed,"Sun,Wed",Wed
G-1661,Wed,"Sun,Wed",Wed
G-1662,Wed,"Sun,Wed",Wed
G-1663,Wed,"Sun,Wed",Wed
G-1664,Wed,"Sun,Wed",Wed
G-1665,Wed,"Sun,Wed",Wed
G-1666,Wed,"Sun,Wed",Wed
G-1667,Wed,"Sun,Wed",Wed
G-1668,Wed,"Sun,Wed",Wed
G-1669,Wed,"Sun,Wed",Wed
G-1671,Wed,"Sun,Wed",Wed
G-1673,Wed,"Sun,Wed",Wed
G-1675,Wed,"Sun,Wed",Wed
G-1677,Wed,"Sun,Wed",Wed
G-1679,Wed,"Sun,Wed",Wed
G-1681,Wed,"Sun,Wed",Wed
G-1683,Wed,"Sun,Wed",Wed
G-1685,Wed,"Sun,Wed",Wed
G-1687,Wed,"Sun,Wed",Wed
G-1689,Wed,"Sun,Wed",Wed
G-1691,Wed,"Sun,Wed",Wed
G-1701,Wed,"Sun,Wed",Thu
G-1703,Wed,"Sun,Wed",Thu
G-1705,Wed,"Sun,Wed",Thu
G-1707,Wed,"Sun,Wed",Thu
G-1709,Wed,"Sun,Wed",Thu
G-1711,Wed,"Sun,Wed",Thu
G-1713,Wed,"Sun,Wed",Thu
G-1715,Wed,"Sun,Wed",Thu
G-1717,Wed,"Sun,Wed",Thu
G-1719,Wed,"Sun,Wed",Thu
G-1721,Wed,"Sun,Wed",Thu
G-1723,Wed,"Sun,Wed",Thu
G-1724,Wed,"Sun,Wed",Thu
G-1725,Wed,"Sun,Wed",Thu
G-1726,Wed,"Sun,Wed",Thu
G-1727,Wed,"Sun,Wed",Thu
G-1728,Wed,"Sun,Wed",Thu
G-1729,Wed,"Sun,Wed",Thu
G-1730,Wed,"Sun,Wed",Thu
G-1731,Wed,"Sun,Wed",Thu
G-1732,Wed,"Sun,Wed",Thu
G-1733,Wed,"Sun,Wed",Thu
G-1734,Wed,"Sun,Wed",Thu
G-1735,Wed,"Sun,Wed",Thu
G-1736,Wed,"Sun,Wed",Thu
G-1737,Wed,"Sun,Wed",Thu
G-1738,Wed,"Sun,Wed",Thu
G-1739,Wed,"Sun,Wed",Thu
G-1740,Wed,"Sun,Wed",Thu
G-1741,Wed,"Sun,Wed",Thu
G-1742,Wed,"Sun,Wed",Thu
G-1743,Wed,"Sun,Wed",Thu
G-1744,Wed,"Sun,Wed",Wed
G-1745,Wed,"Sun,Wed",Wed
G-1746,Wed,"Sun,Wed",Wed
G-1747,Wed,"Sun,Wed",Wed
G-1748,Wed,"Sun,Wed",Wed
G-1749,Wed,"Sun,Wed",Wed
G-1750,Wed,"Sun,Wed",Wed
G-1751,Wed,"Sun,Wed",Wed
G-1752,Wed,"Sun,Wed",Wed
G-1753,Wed,"Sun,Wed",Wed
G-1754,Wed,"Sun,Wed",Sun
G-1755,Wed,"Sun,Wed",Sun
G-1756,Wed,"Sun,Wed",Sun
G-1757,Wed,"Sun,Wed",Sun
G-1758,Wed,"Sun,Wed",Sun
G-1759,Wed,"Sun,Wed",Sun
G-1760,Wed,"Sun,Wed",Sun
G-1761,Wed,"Sun,Wed",Sun
G-1762,Wed,"Sun,Wed",Sun
G-1763,Wed,"Sun,Wed",Sun
G-1764,Wed,"Sun,Wed",Sun
G-1765,Wed,"Sun,Wed",Sun
G-1766,Wed,"Sun,Wed",Sun
G-1767,Wed,"Sun,Wed",Sun
G-1768,Wed,"Sun,Wed",Sun
G-1769,Wed,"Sun,Wed",Sun
G-1770,Wed,"Sun,Wed",Sun
G-1771,Wed,"Sun,Wed",Sun
G-1772,Wed,"Sun,Wed",Sun
G-1773,Wed,"Sun,Wed",Sun
G-1774,Wed,"Sun,Wed",Sun
G-1775,Wed,"Sun,Wed",Sun
G-1776,Wed,"Sun,Wed",Sun
G-1777,Wed,"Sun,Wed",Sun
G-1778,Wed,"Sun,Wed",Sun
G-1779,Wed,"Sun,Wed",Sun
G-1780,Wed,"Sun,Wed",Sun
G-1781,Wed,"Sun,Wed",Sun
G-1782,Wed,"Sun,Wed",Sun
G-1783,Wed,"Sun,Wed",Sun
G-1784,Wed,"Sun,Wed",Sun
G-1785,Wed,"Sun,Wed",Sun
G-1786,Wed,"Sun,Wed",Sun
G-1787,Wed,"Sun,Wed",Sun
G-1788,Wed,"Sun,Wed",Sun
G-1800,Wed,"Sun,Wed",Thu
G-1801,Wed,"Sun,Wed",Thu
G-1802,Wed,"Sun,Wed",Thu
G-1803,Wed,"Sun,Wed",Thu
G-1804,Wed,"Sun,Wed",Thu
G-1805,Wed,"Sun,Wed",Thu
G-1806,Wed,"Sun,Wed",Thu
G-1807,Wed,"Sun,Wed",Thu
G-1808,Wed,"Sun,Wed",Thu
G-1809,Wed,"Sun,Wed",Sun
G-1810,Wed,"Sun,Wed",Sun
G-1811,Wed,"Sun,Wed",Sun
G-1812,Wed,"Sun,Wed",Sun
G-1813,Wed,"Sun,Wed",Sun
G-1814,Wed,"Sun,Wed",Sun
G-1815,Wed,"Sun,Wed",Sun
G-1816,Wed,"Sun,Wed",Sun
G-1817,Wed,"Sun,Wed",Sun
G-1818,Wed,"Sun,Wed",Sun
G-1819,Wed,"Sun,Wed",Sun
G-1820,Wed,"Sun,Wed",Sun
G-1821,Wed,"Sun,Wed",Sun
G-1822,Wed,"Sun,Wed",Sun
G-1823,Wed,"Sun,Wed",Sun
G-1824,Wed,"Sun,Wed",Sun
G-1825,Wed,"Sun,Wed",Sun
G-1826,Wed,"Sun,Wed",Sun
G-1827,Wed,"Sun,Wed",Sun
G-1828,Wed,"Sun,Wed",Sun
G-1829,Wed,"Sun,Wed",Sun
G-1830,Wed,"Sun,Wed",Sun
G-1831,Wed,"Sun,Wed",Sun
G-1832,Wed,"Sun,Wed",Sun
G-1833,Wed,"Sun,Wed",Sun
G-1834,Wed,"Sun,Wed",Sun
G-1836,Wed,"Sun,Wed",Sun
G-1838,Wed,"Sun,Wed",Sun
G-1840,Wed,"Sun,Wed",Sun
G-1842,Wed,"Sun,Wed",Sun
G-1844,Wed,"Sun,Wed",Sun
G-1846,Wed,"Sun,Wed",Sun
G-1848,Wed,"Sun,Wed",Sun
G-1850,Wed,"Sun,Wed",Sun
G-1852,Wed,"Sun,Wed",Sun
G-1854,Wed,"Sun,Wed",Sun
G-1856,Wed,"Sun,Wed",Sun
G-1858,Wed,"Sun,Wed",Sun
G-1860,Wed,"Sun,Wed",Sun
G-1862,Wed,"Sun,Wed",Sun
G-1864,Wed,"Sun,Wed",Sun
G-1866,Wed,"Sun,Wed",Sun
G-1868,Wed,"Sun,Wed",Sun
G-1870,Wed,"Sun,Wed",Sun
G-1871,Wed,"Sun,Wed",Sun
G-1872,Wed,"Sun,Wed",Sun
G-1873,Wed,"Sun,Wed",Sun
G-1874,Wed,"Sun,Wed",Sun
G-1875,Wed,"Sun,Wed",Sun
G-1876,Wed,"Sun,Wed",Sun
G-1877,Wed,"Sun,Wed",Sun
G-1878,Wed,"Sun,Wed",Sun
G-1879,Wed,"Sun,Wed",Sun
G-1880,Wed,"Sun,Wed",Sun
G-1881,Wed,"Sun,Wed",Sun
G-1882,Wed,"Sun,Wed",Sun
G-1883,Wed,"Sun,Wed",Sun
G-1884,Wed,"Sun,Wed",Sun
G-1885,Wed,"Sun,Wed",Sun
G-1886,Wed,"Sun,Wed",Sun
G-1887,Wed,"Sun,Wed",Sun
G-1888,Wed,"Sun,Wed",Sun
G-1890,Wed,"Sun,Wed",Sun
G-1900,Wed,"Sun,Wed",Sun
G-1901,Wed,"Sun,Wed",Sun
G-1902,Wed,"Sun,Wed",Sun
G-1903,Wed,"Sun,Wed",Sun
G-1904,Wed,"Sun,Wed",Sun
G-1905,Wed,"Sun,Wed",Sun
G-1906,Wed,"Sun,Wed",Sun
G-1907,Wed,"Sun,Wed",Sun
G-1908,Wed,"Sun,Wed",Sun
G-1909,Wed,"Sun,Wed",Sun
G-1910,Wed,"Sun,Wed",Sun
G-1911,Wed,"Sun,Wed",Sun
G-1912,Wed,"Sun,Wed",Sun
G-1913,Wed,"Sun,Wed",Sun
G-1914,Wed,"Sun,Wed",Sun
G-1915,Wed,"Sun,Wed",Sun
G-1916,Wed,"Sun,Wed",Sun
G-1917,Wed,"Sun,Wed",Sun
G-1919,Wed,"Sun,Wed",Sun
G-1921,Wed,"Sun,Wed",Sun
G-2000,Wed,"Sun,Wed",Sun
G-2001,Wed,"Sun,Wed",Sun
G-2002,Wed,"Sun,Wed",Sun
G-2003,Wed,"Sun,Wed",Sun
G-2004,Wed,"Sun,Wed",Sun
G-2005,Wed,"Sun,Wed",Sun
G-2006,Wed,"Sun,Wed",Sun
G-2007,Wed,"Sun,Wed",Sun
G-2008,Wed,"Sun,Wed",Sun
G-2009,Wed,"Sun,Wed",Sun
G-2010,Wed,"Sun,Wed",Sun
G-2011,Wed,"Sun,Wed",Sun
G-2012,Wed,"Sun,Wed",Sun
G-2013,Wed,"Sun,Wed",Sun
G-2014,Wed,"Sun,Wed",Sun
G-2015,Wed,"Sun,Wed",Sun
G-2016,Wed,"Sun,Wed",Sun
G-2017,Wed,"Sun,Wed",Sun
G-2018,Wed,"Sun,Wed",Sun
G-2019,Wed,"Sun,Wed",Sun
G-2020,Wed,"Sun,Wed",Sun
G-2021,Wed,"Sun,Wed",Sun
G-2023,Wed,"Sun,Wed",Sun
G-2025,Wed,"Sun,Wed",Sun
G-2027,Wed,"Sun,Wed",Sun
G-2029,Wed,"Sun,Wed",Sun
G-2031,Wed,"Sun,Wed",Sun
G-2033,Wed,"Sun,Wed",Sun
G-2035,Wed,"Sun,Wed",Sun
G-2037,Wed,"Sun,Wed",Sun
G-2039,Wed,"Sun,Wed",Sun
G-2100,Wed,"Sun,Wed",Thu
G-2101,Wed,"Sun,Wed",Thu
G-2102,Wed,"Sun,Wed",Thu
G-2103,Wed,"Sun,Wed",Thu
G-2104,Wed,"Sun,Wed",Thu
G-2105,Wed,"Sun,Wed",Thu
G-2106,Wed,"Sun,Wed",Thu
G-2107,Wed,"Sun,Wed",Sun
G-2108,Wed,"Sun,Wed",Sun
G-2109,Wed,"Sun,Wed",Sun
G-2110,Wed,"Sun,Wed",Sun
G-2111,Wed,"Sun,Wed",Sun
G-2112,Wed,"Sun,Wed",Sun
G-2113,Wed,"Sun,Wed",Sun
G-2114,Wed,"Sun,Wed",Sun
G-2115,Wed,"Sun,Wed",Sun
G-2116,Wed,"Sun,Wed",Sun
G-2117,Wed,"Sun,Wed",Sun
G-2118,Wed,"Sun,Wed",Sun
G-2119,Wed,"Sun,Wed",Sun
G-2120,Wed,"Sun,Wed",Sun
G-2121,Wed,"Sun,Wed",Sun
G-2122,Wed,"Sun,Wed",Sun
G-2123,Wed,"Sun,Wed",Sun
G-2124,Wed,"Sun,Wed",Sun
G-2125,Wed,"Sun,Wed",Sun
G-2126,Wed,"Sun,Wed",Sun
G-2127,Wed,"Sun,Wed",Sun
G-2128,Wed,"Sun,Wed",Sun
G-2129,Wed,"Sun,Wed",Sun
G-2130,Wed,"Sun,Wed",Sun
G-2131,Wed,"Sun,Wed",Sun
G-2132,Wed,"Sun,Wed",Sun
G-2133,Wed,"Sun,Wed",Sun
G-2134,Wed,"Sun,Wed",Sun
G-2135,Wed,"Sun,Wed",Sun
G-2136,Wed,"Sun,Wed",Sun
G-2137,Wed,"Sun,Wed",Sun
G-2138,Wed,"Sun,Wed",Sun
G-2139,Wed,"Sun,Wed",Sun
G-2141,Wed,"Sun,Wed",Sun
G-2143,Wed,"Sun,Wed",Sun
G-2145,Wed,"Sun,Wed",Sun
G-2200,Thu,"Mon,Thu",Sun
G-2201,Thu,"Mon,Thu",Sun
G-2202,Thu,"Mon,Thu",Sun
G-2203,Thu,"Mon,Thu",Sun
G-2204,Thu,"Mon,Thu",Sun
G-2205,Thu,"Mon,Thu",Sun
G-2206,Thu,"Mon,Thu",Sun
G-2207,Thu,"Mon,Thu",Sun
G-2208,Thu,"Mon,Thu",Sun
G-2209,Thu,"Mon,Thu",Sun
G-2210,Thu,"Mon,Thu",Sun
G-2211,Thu,"Mon,Thu",Sun
G-2212,Thu,"Mon,Thu",Sun
G-2213,Thu,"Mon,Thu",Sun
G-2214,Thu,"Mon,Thu",Sun
G-2215,Thu,"Mon,Thu",Sun
G-2216,Thu,"Mon,Thu",Sun
G-2217,Thu,"Mon,Thu",Sun
G-2218,Thu,"Mon,Thu",Sun
G-2219,Thu,"Mon,Thu",Sun
G-2220,Thu,"Mon,Thu",Sun
G-2221,Thu,"Mon,Thu",Sun
G-2222,Thu,"Mon,Thu",Sun
G-2223,Thu,"Mon,Thu",Sun
G-2224,Thu,"Mon,Thu",Sun
G-2225,Thu,"Mon,Thu",Sun
G-2226,Thu,"Mon,Thu",Sun
G-2227,Thu,"Mon,Thu",Sun
G-2228,Thu,"Mon,Thu",Sun
G-2229,Thu,"Mon,Thu",Sun
G-2230,Thu,"Mon,Thu",Sun
G-2231,Thu,"Mon,Thu",Sun
G-2232,Thu,"Mon,Thu",Sun
G-2233,Thu,"Mon,Thu",Sun
G-2234,Thu,"Mon,Thu",Sun
G-2235,Thu,"Mon,Thu",Sun
G-2236,Thu,"Mon,Thu",Sun
G-2237,Thu,"Mon,Thu",Sun
G-2238,Thu,"Mon,Thu",Sun
G-2239,Thu,"Mon,Thu",Sun
G-2240,Thu,"Mon,Thu",Sun
G-2241,Thu,"Mon,Thu",Sun
G-2242,Thu,"Mon,Thu",Sun
G-2243,Thu,"Mon,Thu",Sun
G-2244,Thu,"Mon,Thu",Sun
G-2245,Thu,"Mon,Thu",Sun
G-2246,Thu,"Mon,Thu",Sun
G-2247,Thu,"Mon,Thu",Sun
G-2248,Thu,"Mon,Thu",Sun
G-2249,Thu,"Mon,Thu",Sun
G-2250,Thu,"Mon,Thu",Sun
G-2251,Thu,"Mon,Thu",Sun
G-2252,Thu,"Mon,Thu",Sun
G-2253,Thu,"Mon,Thu",Sun
G-2254,Thu,"Mon,Thu",Sun
G-2255,Thu,"Mon,Thu",Sun
G-2256,Thu,"Mon,Thu",Sun
G-2257,Thu,"Mon,Thu",Sun
G-2258,Thu,"Mon,Thu",Sun
G-2259,Thu,"Mon,Thu",Sun
G-2260,Thu,"Mon,Thu",Sun
G-2261,Thu,"Mon,Thu",Sun
G-2262,Thu,"Mon,Thu",Sun
G-2263,Thu,"Mon,Thu",Sun
G-2264,Thu,"Mon,Thu",Sun
G-2265,Thu,"Mon,Thu",Sun
G-2266,Thu,"Mon,Thu",Sun
G-2267,Thu,"Mon,Thu",Sun
G-2269,Thu,"Mon,Thu",Sun
G-2271,Thu,"Mon,Thu",Sun
G-2273,Thu,"Mon,Thu",Sun
G-2275,Thu,"Mon,Thu",Sun
G-2277,Thu,"Mon,Thu",Sun
G-2279,Thu,"Mon,Thu",Sun
G-2281,Thu,"Mon,Thu",Sun
G-2283,Thu,"Mon,Thu",Sun
G-2285,Thu,"Mon,Thu",Sun
G-2287,Thu,"Mon,Thu",Sun
G-2300,Thu,"Mon,Thu",Sun
G-2301,Thu,"Mon,Thu",Sun
G-2302,Thu,"Mon,Thu",Sun
G-2303,Thu,"Mon,Thu",Sun
G-2304,Thu,"Mon,Thu",Sun
G-2305,Thu,"Mon,Thu",Sun
G-2306,Thu,"Mon,Thu",Sun
G-2307,Thu,"Mon,Thu",Sun
G-2308,Thu,"Mon,Thu",Sun
G-2309,Thu,"Mon,Thu",Sun
G-2310,Thu,"Mon,Thu",Sun
G-2311,Thu,"Mon,Thu",Sun
G-2312,Thu,"Mon,Thu",Sun
G-2313,Thu,"Mon,Thu",Sun
G-2314,Thu,"Mon,Thu",Sun
G-2315,Thu,"Mon,Thu",Sun
G-2316,Thu,"Mon,Thu",Sun
G-2317,Thu,"Mon,Thu",Sun
G-2318,Thu,"Mon,Thu",Sun
G-2319,Thu,"Mon,Thu",Sun
G-2320,Thu,"Mon,Thu",Sun
G-2321,Thu,"Mon,Thu",Sun
G-2322,Thu,"Mon,Thu",Sun
G-2323,Thu,"Mon,Thu",Sun
G-2324,Thu,"Mon,Thu",Sun
G-2325,Thu,"Mon,Thu",Sun
G-2326,Thu,"Mon,Thu",Sun
G-2327,Thu,"Mon,Thu",Sun
G-2328,Thu,"Mon,Thu",Sun
G-2329,Thu,"Mon,Thu",Sun
G-2330,Thu,"Mon,Thu",Sun
G-2331,Thu,"Mon,Thu",Sun
G-2332,Thu,"Mon,Thu",Sun
G-2333,Thu,"Mon,Thu",Sun
G-2334,Thu,"Mon,Thu",Sun
G-2335,Thu,"Mon,Thu",Sun
G-2336,Thu,"Mon,Thu",Sun
G-2337,Thu,"Mon,Thu",Sun
G-2338,Thu,"Mon,Thu",Sun
G-2339,Thu,"Mon,Thu",Sun
G-2340,Thu,"Mon,Thu",Sun
G-2341,Thu,"Mon,Thu",Sun
G-2342,Thu,"Mon,Thu",Sun
G-2343,Thu,"Mon,Thu",Sun
G-2344,Thu,"Mon,Thu",Sun
G-2345,Thu,"Mon,Thu",Sun
G-2346,Thu,"Mon,Thu",Sun
G-2347,Thu,"Mon,Thu",Sun
G-2348,Thu,"Mon,Thu",Sun
G-2349,Thu,"Mon,Thu",Sun
G-2350,Thu,"Mon,Thu",Sun
G-2351,Thu,"Mon,Thu",Sun
G-2352,Thu,"Mon,Thu",Sun
G-2353,Thu,"Mon,Thu",Sun
G-2354,Thu,"Mon,Thu",Sun
G-2355,Thu,"Mon,Thu",Sun
G-2356,Thu,"Mon,Thu",Sun
G-2357,Thu,"Mon,Thu",Sun
G-2358,Thu,"Mon,Thu",Sun
G-2359,Thu,"Mon,Thu",Sun
G-2360,Thu,"Mon,Thu",Sun
G-2361,Thu,"Mon,Thu",Sun
G-2362,Thu,"Mon,Thu",Sun
G-2363,Thu,"Mon,Thu",Sun
G-2364,Thu,"Mon,Thu",Sun
G-2365,Thu,"Mon,Thu",Sun
G-2366,Thu,"Mon,Thu",Sun
G-2367,Thu,"Mon,Thu",Sun
H-4105-101,Daily ,Daily ,Daily 
H-4105-102,Daily ,Daily ,Daily 
H-4105-103,Daily ,Daily ,Daily 
H-4105-104,Daily ,Daily ,Daily 
H-4105-105,Daily ,Daily ,Daily 
H-4105-106,Daily ,Daily ,Daily 
H-4105-107,Daily ,Daily ,Daily 
H-4105-201,Daily ,Daily ,Daily 
H-4105-202,Daily ,Daily ,Daily 
H-4105-203,Daily ,Daily ,Daily 
H-4105-204,Daily ,Daily ,Daily 
H-4105-205,Daily ,Daily ,Daily 
H-4105-206,Daily ,Daily ,Daily 
H-4105-207,Daily ,Daily ,Daily 
H-4105-208,Daily ,Daily ,Daily 
H-4105-209,Daily ,Daily ,Daily 
H-4105-210,Daily ,Daily ,Daily 
H-4105-211,Daily ,Daily ,Daily 
H-4106-101,Daily ,Daily ,Daily 
H-4106-102,Daily ,Daily ,Daily 
H-4106-103,Daily ,Daily ,Daily 
H-4106-104,Daily ,Daily ,Daily 
H-4106-105,Daily ,Daily ,Daily 
H-4106-106,Daily ,Daily ,Daily 
H-4106-201,Daily ,Daily ,Daily 
H-4106-202,Daily ,Daily ,Daily 
H-4106-203,Daily ,Daily ,Daily 
H-4106-204,Daily ,Daily ,Daily 
H-4106-205,Daily ,Daily ,Daily 
H-4106-206,Daily ,Daily ,Daily 
H-4106-207,Daily ,Daily ,Daily 
H-4106-208,Daily ,Daily ,Daily 
H-4106-209,Daily ,Daily ,Daily 
H-4106-210,Daily ,Daily ,Daily 
H-4106-211,Daily ,Daily ,Daily 
H-4107-101,Daily ,Daily ,Daily 
H-4107-102,Daily ,Daily ,Daily 
H-4107-103,Daily ,Daily ,Daily 
H-4107-104,Daily ,Daily ,Daily 
H-4107-105,Daily ,Daily ,Daily 
H-4107-106,Daily ,Daily ,Daily 
H-4107-107,Daily ,Daily ,Daily 
H-4107-201,Daily ,Daily ,Daily 
H-4107-202,Daily ,Daily ,Daily 
H-4107-203,Daily ,Daily ,Daily 
H-4107-204,Daily ,Daily ,Daily 
H-4107-205,Daily ,Daily ,Daily 
H-4107-206,Daily ,Daily ,Daily 
H-4107-207,Daily ,Daily ,Daily 
H-4107-208,Daily ,Daily ,Daily 
H-4107-209,Daily ,Daily ,Daily 
H-4107-210,Daily ,Daily ,Daily 
H-4107-211,Daily ,Daily ,Daily 
H-4108-101,Daily ,Daily ,Daily 
H-4108-102,Daily ,Daily ,Daily 
H-4108-103,Daily ,Daily ,Daily 
H-4108-104,Daily ,Daily ,Daily 
H-4108-105,Daily ,Daily ,Daily 
H-4108-106,Daily ,Daily ,Daily 
H-4108-201,Daily ,Daily ,Daily 
H-4108-202,Daily ,Daily ,Daily 
H-4108-203,Daily ,Daily ,Daily 
H-4108-204,Daily ,Daily ,Daily 
H-4108-205,Daily ,Daily ,Daily 
H-4108-206,Daily ,Daily ,Daily 
H-4108-207,Daily ,Daily ,Daily 
H-4108-208,Daily ,Daily ,Daily 
H-4108-209,Daily ,Daily ,Daily 
H-4108-210,Daily ,Daily ,Daily 
H-4108-211,Daily ,Daily ,Daily 
H-4109A-101,Daily ,Daily ,Daily 
H-4109A-102,Daily ,Daily ,Daily 
H-4109A-103,Daily ,Daily ,Daily 
H-4109A-104,Daily ,Daily ,Daily 
H-4109A-105,Daily ,Daily ,Daily 
H-4109A-106,Daily ,Daily ,Daily 
H-4109A-107,Daily ,Daily ,Daily 
H-4109A-108,Daily ,Daily ,Daily 
H-4109A-109,Daily ,Daily ,Daily 
H-4109A-110,Daily ,Daily ,Daily 
H-4109A-111,Daily ,Daily ,Daily 
H-4109A-112,Daily ,Daily ,Daily 
H-4109A-113,Daily ,Daily ,Daily 
H-4109A-114,Daily ,Daily ,Daily 
H-4109A-115,Daily ,Daily ,Daily 
H-4109A-116,Daily ,Daily ,Daily 
H-4109A-117,Daily ,Daily ,Daily 
H-4109A-118,Daily ,Daily ,Daily 
H-4109A-119,Daily ,Daily ,Daily 
H-4109A-201,Daily ,Daily ,Daily 
H-4109A-202,Daily ,Daily ,Daily 
H-4109A-203,Daily ,Daily ,Daily 
H-4109A-204,Daily ,Daily ,Daily 
H-4109A-205,Daily ,Daily ,Daily 
H-4109A-206,Daily ,Daily ,Daily 
H-4109A-207,Daily ,Daily ,Daily 
H-4109A-208,Daily ,Daily ,Daily 
H-4109A-209,Daily ,Daily ,Daily 
H-4109A-210,Daily ,Daily ,Daily 
H-4109A-211,Daily ,Daily ,Daily 
H-4109A-212,Daily ,Daily ,Daily 
H-4109A-213,Daily ,Daily ,Daily 
H-4109A-214,Daily ,Daily ,Daily 
H-4109A-215,Daily ,Daily ,Daily 
H-4109A-216,Daily ,Daily ,Daily 
H-4109A-217,Daily ,Daily ,Daily 
H-4109A-218,Daily ,Daily ,Daily 
H-4109B-101,Daily ,Daily ,Daily 
H-4109B-102,Daily ,Daily ,Daily 
H-4109B-103,Daily ,Daily ,Daily 
H-4109B-104,Daily ,Daily ,Daily 
H-4109B-105,Daily ,Daily ,Daily 
H-4109B-106,Daily ,Daily ,Daily 
H-4109B-107,Daily ,Daily ,Daily 
H-4109B-108,Daily ,Daily ,Daily 
H-4109B-109,Daily ,Daily ,Daily 
H-4109B-110,Daily ,Daily ,Daily 
H-4109B-111,Daily ,Daily ,Daily 
H-4109B-112,Daily ,Daily ,Daily 
H-4109B-201,Daily ,Daily ,Daily 
H-4109B-202,Daily ,Daily ,Daily 
H-4109B-203,Daily ,Daily ,Daily 
H-4109B-204,Daily ,Daily ,Daily 
H-4109B-205,Daily ,Daily ,Daily 
H-4109B-206,Daily ,Daily ,Daily 
H-4109B-207,Daily ,Daily ,Daily 
H-4109B-208,Daily ,Daily ,Daily 
H-4109B-209,Daily ,Daily ,Daily 
H-4109B-210,Daily ,Daily ,Daily 
H-4109B-211,Daily ,Daily ,Daily 
H-4109B-212,Daily ,Daily ,Daily 
H-4110-101,Daily ,Daily ,Daily 
H-4110-102,Daily ,Daily ,Daily 
H-4110-103,Daily ,Daily ,Daily 
H-4110-104,Daily ,Daily ,Daily 
H-4110-105,Daily ,Daily ,Daily 
H-4110-106,Daily ,Daily ,Daily 
H-4110-201,Daily ,Daily ,Daily 
H-4110-202,Daily ,Daily ,Daily 
H-4110-203,Daily ,Daily ,Daily 
H-4110-204,Daily ,Daily ,Daily 
H-4110-205,Daily ,Daily ,Daily 
H-4110-206,Daily ,Daily ,Daily 
H-4110-207,Daily ,Daily ,Daily 
H-4110-208,Daily ,Daily ,Daily 
H-4111-101,Daily ,Daily ,Daily 
H-4111-102,Daily ,Daily ,Daily 
H-4111-103,Daily ,Daily ,Daily 
H-4111-104,Daily ,Daily ,Daily 
H-4112-101,Daily ,Daily ,Daily 
H-4112-102,Daily ,Daily ,Daily 
H-4112-103,Daily ,Daily ,Daily 
H-4112-104,Daily ,Daily ,Daily 
H-4112-105,Daily ,Daily ,Daily 
H-4112-106,Daily ,Daily ,Daily 
H-4112-201,Daily ,Daily ,Daily 
H-4112-202,Daily ,Daily ,Daily 
H-4112-203,Daily ,Daily ,Daily 
H-4112-204,Daily ,Daily ,Daily 
H-4112-205,Daily ,Daily ,Daily 
H-4112-206,Daily ,Daily ,Daily 
H-4112-207,Daily ,Daily ,Daily 
H-4112-208,Daily ,Daily ,Daily 
H-4113A-101,Daily ,Daily ,Daily 
H-4113A-102,Daily ,Daily ,Daily 
H-4113A-103,Daily ,Daily ,Daily 
H-4113A-104,Daily ,Daily ,Daily 
H-4113A-105,Daily ,Daily ,Daily 
H-4113A-201,Daily ,Daily ,Daily 
H-4113A-202,Daily ,Daily ,Daily 
H-4113A-203,Daily ,Daily ,Daily 
H-4113A-204,Daily ,Daily ,Daily 
H-4113A-205,Daily ,Daily ,Daily 
H-4113A-206,Daily ,Daily ,Daily 
H-4113A-207,Daily ,Daily ,Daily 
H-4113A-208,Daily ,Daily ,Daily 
H-4113A-209,Daily ,Daily ,Daily 
H-4113A-210,Daily ,Daily ,Daily 
H-4113A-211,Daily ,Daily ,Daily 
H-4113A-212,Daily ,Daily ,Daily 
H-4113B-101,Daily ,Daily ,Daily 
H-4113B-102,Daily ,Daily ,Daily 
H-4113B-103,Daily ,Daily ,Daily 
H-4113B-201,Daily ,Daily ,Daily 
H-4113B-202,Daily ,Daily ,Daily 
H-4113B-203,Daily ,Daily ,Daily 
H-4113B-204,Daily ,Daily ,Daily 
H-4113B-205,Daily ,Daily ,Daily 
H-4113B-206,Daily ,Daily ,Daily 
H-4114A-101,Daily ,Daily ,Daily 
H-4114A-102,Daily ,Daily ,Daily 
H-4114A-103,Daily ,Daily ,Daily 
H-4114A-104,Daily ,Daily ,Daily 
H-4114A-105,Daily ,Daily ,Daily 
H-4114A-201,Daily ,Daily ,Daily 
H-4114A-202,Daily ,Daily ,Daily 
H-4114A-203,Daily ,Daily ,Daily 
H-4114A-204,Daily ,Daily ,Daily 
H-4114A-205,Daily ,Daily ,Daily 
H-4114A-206,Daily ,Daily ,Daily 
H-4114A-207,Daily ,Daily ,Daily 
H-4114A-208,Daily ,Daily ,Daily 
H-4114A-209,Daily ,Daily ,Daily 
H-4114A-210,Daily ,Daily ,Daily 
H-4114A-211,Daily ,Daily ,Daily 
H-4114A-212,Daily ,Daily ,Daily 
H-4114B-101,Daily ,Daily ,Daily 
H-4114B-102,Daily ,Daily ,Daily 
H-4114B-103,Daily ,Daily ,Daily 
H-4114B-201,Daily ,Daily ,Daily 
H-4114B-202,Daily ,Daily ,Daily 
H-4114B-203,Daily ,Daily ,Daily 
H-4114B-204,Daily ,Daily ,Daily 
H-4114B-205,Daily ,Daily ,Daily 
H-4114B-206,Daily ,Daily ,Daily 
H-4115-101,Daily ,Daily ,Daily 
H-4115-102,Daily ,Daily ,Daily 
H-4115-103,Daily ,Daily ,Daily 
H-4115-104,Daily ,Daily ,Daily 
H-4115-105,Daily ,Daily ,Daily 
H-4115-106,Daily ,Daily ,Daily 
H-4115-201,Daily ,Daily ,Daily 
H-4115-202,Daily ,Daily ,Daily 
H-4115-203,Daily ,Daily ,Daily 
H-4115-204,Daily ,Daily ,Daily 
H-4115-205,Daily ,Daily ,Daily 
H-4115-206,Daily ,Daily ,Daily 
H-4115-207,Daily ,Daily ,Daily 
H-4115-208,Daily ,Daily ,Daily 
H-4116A-101,Daily ,Daily ,Daily 
H-4116A-102,Daily ,Daily ,Daily 
H-4116A-103,Daily ,Daily ,Daily 
H-4116A-104,Daily ,Daily ,Daily 
H-4116A-105,Daily ,Daily ,Daily 
H-4116A-201,Daily ,Daily ,Daily 
H-4116A-202,Daily ,Daily ,Daily 
H-4116A-203,Daily ,Daily ,Daily 
H-4116A-204,Daily ,Daily ,Daily 
H-4116A-205,Daily ,Daily ,Daily 
H-4116A-206,Daily ,Daily ,Daily 
H-4116A-207,Daily ,Daily ,Daily 
H-4116A-208,Daily ,Daily ,Daily 
H-4116A-209,Daily ,Daily ,Daily 
H-4116A-210,Daily ,Daily ,Daily 
H-4116A-211,Daily ,Daily ,Daily 
H-4116A-212,Daily ,Daily ,Daily 
H-4116B-101,Daily ,Daily ,Daily 
H-4116B-102,Daily ,Daily ,Daily 
H-4116B-103,Daily ,Daily ,Daily 
H-4116B-201,Daily ,Daily ,Daily 
H-4116B-202,Daily ,Daily ,Daily 
H-4116B-203,Daily ,Daily ,Daily 
H-4116B-204,Daily ,Daily ,Daily 
H-4116B-205,Daily ,Daily ,Daily 
H-4116B-206,Daily ,Daily ,Daily 
H-4117A-101,Daily ,Daily ,Daily 
H-4117A-102,Daily ,Daily ,Daily 
H-4117A-103,Daily ,Daily ,Daily 
H-4117A-104,Daily ,Daily ,Daily 
H-4117A-105,Daily ,Daily ,Daily 
H-4117A-201,Daily ,Daily ,Daily 
H-4117A-202,Daily ,Daily ,Daily 
H-4117A-203,Daily ,Daily ,Daily 
H-4117A-204,Daily ,Daily ,Daily 
H-4117A-205,Daily ,Daily ,Daily 
H-4117A-206,Daily ,Daily ,Daily 
H-4117A-207,Daily ,Daily ,Daily 
H-4117A-208,Daily ,Daily ,Daily 
H-4117A-209,Daily ,Daily ,Daily 
H-4117A-210,Daily ,Daily ,Daily 
H-4117A-211,Daily ,Daily ,Daily 
H-4117A-212,Daily ,Daily ,Daily 
H-4117B-101,Daily ,Daily ,Daily 
H-4117B-102,Daily ,Daily ,Daily 
H-4117B-103,Daily ,Daily ,Daily 
H-4117B-201,Daily ,Daily ,Daily 
H-4117B-202,Daily ,Daily ,Daily 
H-4117B-203,Daily ,Daily ,Daily 
H-4117B-204,Daily ,Daily ,Daily 
H-4117B-205,Daily ,Daily ,Daily 
H-4117B-206,Daily ,Daily ,Daily 
H-4118-101,Daily ,Daily ,Daily 
H-4118-102,Daily ,Daily ,Daily 
H-4118-103,Daily ,Daily ,Daily 
H-4118-104,Daily ,Daily ,Daily 
H-4119-101,Daily ,Daily ,Daily 
H-4119-102,Daily ,Daily ,Daily 
H-4119-103,Daily ,Daily ,Daily 
H-4119-104,Daily ,Daily ,Daily 
H-4119-105,Daily ,Daily ,Daily 
H-4119-106,Daily ,Daily ,Daily 
H-4119-201,Daily ,Daily ,Daily 
H-4119-202,Daily ,Daily ,Daily 
H-4119-203,Daily ,Daily ,Daily 
H-4119-204,Daily ,Daily ,Daily 
H-4119-205,Daily ,Daily ,Daily 
H-4119-206,Daily ,Daily ,Daily 
H-4119-207,Daily ,Daily ,Daily 
H-4119-208,Daily ,Daily ,Daily 
H-4200A-101,Daily ,Daily ,Daily 
H-4200A-102,Daily ,Daily ,Daily 
H-4200A-103,Daily ,Daily ,Daily 
H-4200A-104,Daily ,Daily ,Daily 
H-4200A-105,Daily ,Daily ,Daily 
H-4200A-201,Daily ,Daily ,Daily 
H-4200A-202,Daily ,Daily ,Daily 
H-4200A-203,Daily ,Daily ,Daily 
H-4200A-204,Daily ,Daily ,Daily 
H-4200A-205,Daily ,Daily ,Daily 
H-4200A-206,Daily ,Daily ,Daily 
H-4200A-207,Daily ,Daily ,Daily 
H-4200A-208,Daily ,Daily ,Daily 
H-4200A-209,Daily ,Daily ,Daily 
H-4200A-210,Daily ,Daily ,Daily 
H-4200A-211,Daily ,Daily ,Daily 
H-4200A-212,Daily ,Daily ,Daily 
H-4200B-101,Daily ,Daily ,Daily 
H-4200B-102,Daily ,Daily ,Daily 
H-4200B-201,Daily ,Daily ,Daily 
H-4200B-202,Daily ,Daily ,Daily 
H-4200B-203,Daily ,Daily ,Daily 
H-4200B-204,Daily ,Daily ,Daily 
H-4201-101,Daily ,Daily ,Daily 
H-4201-102,Daily ,Daily ,Daily 
H-4201-103,Daily ,Daily ,Daily 
H-4201-104,Daily ,Daily ,Daily 
H-4201-105,Daily ,Daily ,Daily 
H-4201-106,Daily ,Daily ,Daily 
H-4201-201,Daily ,Daily ,Daily 
H-4201-202,Daily ,Daily ,Daily 
H-4201-203,Daily ,Daily ,Daily 
H-4201-204,Daily ,Daily ,Daily 
H-4201-205,Daily ,Daily ,Daily 
H-4201-206,Daily ,Daily ,Daily 
H-4201-207,Daily ,Daily ,Daily 
H-4201-208,Daily ,Daily ,Daily 
H-4202A-101,Daily ,Daily ,Daily 
H-4202A-102,Daily ,Daily ,Daily 
H-4202A-103,Daily ,Daily ,Daily 
H-4202A-201,Daily ,Daily ,Daily 
H-4202A-202,Daily ,Daily ,Daily 
H-4202B-101,Daily ,Daily ,Daily 
H-4202B-102,Daily ,Daily ,Daily 
H-4202B-103,Daily ,Daily ,Daily 
H-4202B-201,Daily ,Daily ,Daily 
H-4202B-202,Daily ,Daily ,Daily 
H-4202B-203,Daily ,Daily ,Daily 
H-4202B-204,Daily ,Daily ,Daily 
H-4202B-205,Daily ,Daily ,Daily 
H-4202B-206,Daily ,Daily ,Daily 
H-4202C-101,Daily ,Daily ,Daily 
H-4202C-102,Daily ,Daily ,Daily 
H-4202C-103,Daily ,Daily ,Daily 
H-4202C-201,Daily ,Daily ,Daily 
H-4202C-202,Daily ,Daily ,Daily 
H-4202C-203,Daily ,Daily ,Daily 
H-4202C-204,Daily ,Daily ,Daily 
H-4202C-205,Daily ,Daily ,Daily 
H-4202C-206,Daily ,Daily ,Daily 
H-4203A-101,Daily ,Daily ,Daily 
H-4203A-102,Daily ,Daily ,Daily 
H-4203A-103,Daily ,Daily ,Daily 
H-4203A-104,Daily ,Daily ,Daily 
H-4203A-105,Daily ,Daily ,Daily 
H-4203A-201,Daily ,Daily ,Daily 
H-4203A-202,Daily ,Daily ,Daily 
H-4203A-203,Daily ,Daily ,Daily 
H-4203A-204,Daily ,Daily ,Daily 
H-4203A-205,Daily ,Daily ,Daily 
H-4203A-206,Daily ,Daily ,Daily 
H-4203A-207,Daily ,Daily ,Daily 
H-4203A-208,Daily ,Daily ,Daily 
H-4203A-209,Daily ,Daily ,Daily 
H-4203A-210,Daily ,Daily ,Daily 
H-4203A-211,Daily ,Daily ,Daily 
H-4203A-212,Daily ,Daily ,Daily 
H-4203B-101,Daily ,Daily ,Daily 
H-4203B-102,Daily ,Daily ,Daily 
H-4203B-201,Daily ,Daily ,Daily 
H-4203B-202,Daily ,Daily ,Daily 
H-4203B-203,Daily ,Daily ,Daily 
H-4203B-204,Daily ,Daily ,Daily 
H-4204A-101,Daily ,Daily ,Daily 
H-4204A-102,Daily ,Daily ,Daily 
H-4204A-103,Daily ,Daily ,Daily 
H-4204A-201,Daily ,Daily ,Daily 
H-4204A-202,Daily ,Daily ,Daily 
H-4204B-201,Daily ,Daily ,Daily 
H-4204B-202,Daily ,Daily ,Daily 
H-4204B-203,Daily ,Daily ,Daily 
H-4204B-204,Daily ,Daily ,Daily 
H-4204B-205,Daily ,Daily ,Daily 
H-4204B-206,Daily ,Daily ,Daily 
H-4204C-101,Daily ,Daily ,Daily 
H-4204C-102,Daily ,Daily ,Daily 
H-4204C-103,Daily ,Daily ,Daily 
H-4204C-201,Daily ,Daily ,Daily 
H-4204C-202,Daily ,Daily ,Daily 
H-4204C-203,Daily ,Daily ,Daily 
H-4204C-204,Daily ,Daily ,Daily 
H-4204C-205,Daily ,Daily ,Daily 
H-4204C-206,Daily ,Daily ,Daily 
H-4205A-101,Daily ,Daily ,Daily 
H-4205A-102,Daily ,Daily ,Daily 
H-4205A-103,Daily ,Daily ,Daily 
H-4205A-104,Daily ,Daily ,Daily 
H-4205A-105,Daily ,Daily ,Daily 
H-4205A-106,Daily ,Daily ,Daily 
H-4205A-201,Daily ,Daily ,Daily 
H-4205A-202,Daily ,Daily ,Daily 
H-4205A-203,Daily ,Daily ,Daily 
H-4205A-204,Daily ,Daily ,Daily 
H-4205A-205,Daily ,Daily ,Daily 
H-4205A-206,Daily ,Daily ,Daily 
H-4205A-207,Daily ,Daily ,Daily 
H-4205A-208,Daily ,Daily ,Daily 
H-4205B-101,Daily ,Daily ,Daily 
H-4205B-102,Daily ,Daily ,Daily 
H-4205B-103,Daily ,Daily ,Daily 
H-4205B-201,Daily ,Daily ,Daily 
H-4205B-202,Daily ,Daily ,Daily 
H-4205B-203,Daily ,Daily ,Daily 
H-4205B-204,Daily ,Daily ,Daily 
H-4205B-205,Daily ,Daily ,Daily 
H-4205B-206,Daily ,Daily ,Daily 
H-4205C-101,Daily ,Daily ,Daily 
H-4205C-102,Daily ,Daily ,Daily 
H-4205C-103,Daily ,Daily ,Daily 
H-4205C-104,Daily ,Daily ,Daily 
H-4205C-105,Daily ,Daily ,Daily 
H-4205C-106,Daily ,Daily ,Daily 
H-4205C-107,Daily ,Daily ,Daily 
H-4205C-108,Daily ,Daily ,Daily 
H-4205C-109,Daily ,Daily ,Daily 
H-4205C-110,Daily ,Daily ,Daily 
H-4205C-201,Daily ,Daily ,Daily 
H-4205C-202,Daily ,Daily ,Daily 
H-4205C-203,Daily ,Daily ,Daily 
H-4205C-204,Daily ,Daily ,Daily 
H-4205C-205,Daily ,Daily ,Daily 
H-4205C-206,Daily ,Daily ,Daily 
H-4205C-207,Daily ,Daily ,Daily 
H-4205C-208,Daily ,Daily ,Daily 
H-4205C-209,Daily ,Daily ,Daily 
H-4205C-210,Daily ,Daily ,Daily 
H-4206A-101,Daily ,Daily ,Daily 
H-4206A-102,Daily ,Daily ,Daily 
H-4206A-103,Daily ,Daily ,Daily 
H-4206A-104,Daily ,Daily ,Daily 
H-4206A-105,Daily ,Daily ,Daily 
H-4206A-201,Daily ,Daily ,Daily 
H-4206A-202,Daily ,Daily ,Daily 
H-4206A-203,Daily ,Daily ,Daily 
H-4206A-204,Daily ,Daily ,Daily 
H-4206A-205,Daily ,Daily ,Daily 
H-4206A-206,Daily ,Daily ,Daily 
H-4206A-207,Daily ,Daily ,Daily 
H-4206A-208,Daily ,Daily ,Daily 
H-4206A-209,Daily ,Daily ,Daily 
H-4206A-210,Daily ,Daily ,Daily 
H-4206A-211,Daily ,Daily ,Daily 
H-4206A-212,Daily ,Daily ,Daily 
H-4206B-101,Daily ,Daily ,Daily 
H-4206B-102,Daily ,Daily ,Daily 
H-4206B-201,Daily ,Daily ,Daily 
H-4206B-202,Daily ,Daily ,Daily 
H-4206B-203,Daily ,Daily ,Daily 
H-4206B-204,Daily ,Daily ,Daily 
H-4207A-101,Daily ,Daily ,Daily 
H-4207A-102,Daily ,Daily ,Daily 
H-4207A-103,Daily ,Daily ,Daily 
H-4207A-104,Daily ,Daily ,Daily 
H-4207A-105,Daily ,Daily ,Daily 
H-4207A-106,Daily ,Daily ,Daily 
H-4207A-201,Daily ,Daily ,Daily 
H-4207A-202,Daily ,Daily ,Daily 
H-4207A-203,Daily ,Daily ,Daily 
H-4207A-204,Daily ,Daily ,Daily 
H-4207A-205,Daily ,Daily ,Daily 
H-4207A-206,Daily ,Daily ,Daily 
H-4207A-207,Daily ,Daily ,Daily 
H-4207A-208,Daily ,Daily ,Daily 
H-4207B-101,Daily ,Daily ,Daily 
H-4207B-102,Daily ,Daily ,Daily 
H-4207B-103,Daily ,Daily ,Daily 
H-4207B-104,Daily ,Daily ,Daily 
H-4207B-105,Daily ,Daily ,Daily 
H-4207B-106,Daily ,Daily ,Daily 
H-4207B-107,Daily ,Daily ,Daily 
H-4207B-108,Daily ,Daily ,Daily 
H-4207B-109,Daily ,Daily ,Daily 
H-4207B-110,Daily ,Daily ,Daily 
H-4207B-201,Daily ,Daily ,Daily 
H-4207B-202,Daily ,Daily ,Daily 
H-4207B-203,Daily ,Daily ,Daily 
H-4207B-204,Daily ,Daily ,Daily 
H-4207B-205,Daily ,Daily ,Daily 
H-4207B-206,Daily ,Daily ,Daily 
H-4207B-207,Daily ,Daily ,Daily 
H-4207B-208,Daily ,Daily ,Daily 
H-4207B-209,Daily ,Daily ,Daily 
H-4207B-210,Daily ,Daily ,Daily 
H-4208-101,Daily ,Daily ,Daily 
H-4208-102,Daily ,Daily ,Daily 
H-4208-103,Daily ,Daily ,Daily 
H-4208-104,Daily ,Daily ,Daily 
H-4209A-101,Daily ,Daily ,Daily 
H-4209A-102,Daily ,Daily ,Daily 
H-4209A-103,Daily ,Daily ,Daily 
H-4209A-201,Daily ,Daily ,Daily 
H-4209A-202,Daily ,Daily ,Daily 
H-4209B-101,Daily ,Daily ,Daily 
H-4209B-102,Daily ,Daily ,Daily 
H-4209B-103,Daily ,Daily ,Daily 
H-4209B-201,Daily ,Daily ,Daily 
H-4209B-202,Daily ,Daily ,Daily 
H-4209B-203,Daily ,Daily ,Daily 
H-4209B-204,Daily ,Daily ,Daily 
H-4209B-205,Daily ,Daily ,Daily 
H-4209B-206,Daily ,Daily ,Daily 
H-4209C-101,Daily ,Daily ,Daily 
H-4209C-102,Daily ,Daily ,Daily 
H-4209C-103,Daily ,Daily ,Daily 
H-4209C-201,Daily ,Daily ,Daily 
H-4209C-202,Daily ,Daily ,Daily 
H-4209C-203,Daily ,Daily ,Daily 
H-4209C-204,Daily ,Daily ,Daily 
H-4209C-205,Daily ,Daily ,Daily 
H-4209C-206,Daily ,Daily ,Daily 
H-4210-101,Daily ,Daily ,Daily 
H-4210-102,Daily ,Daily ,Daily 
H-4210-103,Daily ,Daily ,Daily 
H-4210-104,Daily ,Daily ,Daily 
H-4211-101,Daily ,Daily ,Daily 
H-4211-102,Daily ,Daily ,Daily 
H-4211-103,Daily ,Daily ,Daily 
H-4211-104,Daily ,Daily ,Daily 
H-4212A-101,Daily ,Daily ,Daily 
H-4212A-102,Daily ,Daily ,Daily 
H-4212A-103,Daily ,Daily ,Daily 
H-4212A-201,Daily ,Daily ,Daily 
H-4212A-202,Daily ,Daily ,Daily 
H-4212B-101,Daily ,Daily ,Daily 
H-4212B-102,Daily ,Daily ,Daily 
H-4212B-103,Daily ,Daily ,Daily 
H-4212B-201,Daily ,Daily ,Daily 
H-4212B-202,Daily ,Daily ,Daily 
H-4212B-203,Daily ,Daily ,Daily 
H-4212B-204,Daily ,Daily ,Daily 
H-4212B-205,Daily ,Daily ,Daily 
H-4212B-206,Daily ,Daily ,Daily 
H-4212C-101,Daily ,Daily ,Daily 
H-4212C-102,Daily ,Daily ,Daily 
H-4212C-103,Daily ,Daily ,Daily 
H-4212C-201,Daily ,Daily ,Daily 
H-4212C-202,Daily ,Daily ,Daily 
H-4212C-203,Daily ,Daily ,Daily 
H-4212C-204,Daily ,Daily ,Daily 
H-4212C-205,Daily ,Daily ,Daily 
H-4212C-206,Daily ,Daily ,Daily 
H-4213-101,Daily ,Daily ,Daily 
H-4213-102,Daily ,Daily ,Daily 
H-4213-103,Daily ,Daily ,Daily 
H-4213-104,Daily ,Daily ,Daily 
H-4214-101,Daily ,Daily ,Daily 
H-4214-102,Daily ,Daily ,Daily 
H-4214-103,Daily ,Daily ,Daily 
H-4214-104,Daily ,Daily ,Daily 
H-4300A-201,Daily ,Daily ,Daily 
H-4300A-202,Daily ,Daily ,Daily 
H-4300A-203,Daily ,Daily ,Daily 
H-4300A-204,Daily ,Daily ,Daily 
H-4300A-205,Daily ,Daily ,Daily 
H-4300A-206,Daily ,Daily ,Daily 
H-4300A-207,Daily ,Daily ,Daily 
H-4300A-208,Daily ,Daily ,Daily 
H-4300A-209,Daily ,Daily ,Daily 
H-4300A-210,Daily ,Daily ,Daily 
H-4300A-211,Daily ,Daily ,Daily 
H-4300B-201,Daily ,Daily ,Daily 
H-4300B-202,Daily ,Daily ,Daily 
H-4300B-203,Daily ,Daily ,Daily 
H-4300B-204,Daily ,Daily ,Daily 
H-4300B-205,Daily ,Daily ,Daily 
H-4300B-206,Daily ,Daily ,Daily 
H-4300B-207,Daily ,Daily ,Daily 
H-4300B-208,Daily ,Daily ,Daily 
H-4300B-209,Daily ,Daily ,Daily 
H-4300C-101,Daily ,Daily ,Daily 
H-4300C-102,Daily ,Daily ,Daily 
H-4300C-103,Daily ,Daily ,Daily 
H-4300C-104,Daily ,Daily ,Daily 
H-4300C-105,Daily ,Daily ,Daily 
H-4300C-106,Daily ,Daily ,Daily 
H-4300C-107,Daily ,Daily ,Daily 
H-4300C-108,Daily ,Daily ,Daily 
H-4300C-201,Daily ,Daily ,Daily 
H-4300C-202,Daily ,Daily ,Daily 
H-4300C-203,Daily ,Daily ,Daily 
H-4300C-204,Daily ,Daily ,Daily 
H-4300C-205,Daily ,Daily ,Daily 
H-4300C-206,Daily ,Daily ,Daily 
H-4300C-207,Daily ,Daily ,Daily 
H-4300C-208,Daily ,Daily ,Daily 
H-4301-101,Daily ,Daily ,Daily 
H-4301-102,Daily ,Daily ,Daily 
H-4301-103,Daily ,Daily ,Daily 
H-4301-104,Daily ,Daily ,Daily 
H-4301-105,Daily ,Daily ,Daily 
H-4301-106,Daily ,Daily ,Daily 
H-4301-107,Daily ,Daily ,Daily 
H-4301-108,Daily ,Daily ,Daily 
H-4301-201,Daily ,Daily ,Daily 
H-4301-202,Daily ,Daily ,Daily 
H-4301-203,Daily ,Daily ,Daily 
H-4301-204,Daily ,Daily ,Daily 
H-4301-205,Daily ,Daily ,Daily 
H-4301-206,Daily ,Daily ,Daily 
H-4301-207,Daily ,Daily ,Daily 
H-4301-208,Daily ,Daily ,Daily 
H-4301-209,Daily ,Daily ,Daily 
H-4301-210,Daily ,Daily ,Daily 
H-4302A-101,Daily ,Daily ,Daily 
H-4302A-102,Daily ,Daily ,Daily 
H-4302A-103,Daily ,Daily ,Daily 
H-4302A-104,Daily ,Daily ,Daily 
H-4302A-105,Daily ,Daily ,Daily 
H-4302A-106,Daily ,Daily ,Daily 
H-4302A-107,Daily ,Daily ,Daily 
H-4302A-108,Daily ,Daily ,Daily 
H-4302A-201,Daily ,Daily ,Daily 
H-4302A-202,Daily ,Daily ,Daily 
H-4302A-203,Daily ,Daily ,Daily 
H-4302A-204,Daily ,Daily ,Daily 
H-4302A-205,Daily ,Daily ,Daily 
H-4302A-206,Daily ,Daily ,Daily 
H-4302A-207,Daily ,Daily ,Daily 
H-4302A-208,Daily ,Daily ,Daily 
H-4302A-209,Daily ,Daily ,Daily 
H-4302A-210,Daily ,Daily ,Daily 
H-4302B-201,Daily ,Daily ,Daily 
H-4302B-202,Daily ,Daily ,Daily 
H-4302B-203,Daily ,Daily ,Daily 
H-4302B-204,Daily ,Daily ,Daily 
H-4302B-205,Daily ,Daily ,Daily 
H-4302B-206,Daily ,Daily ,Daily 
H-4302B-207,Daily ,Daily ,Daily 
H-4302B-208,Daily ,Daily ,Daily 
H-4302B-209,Daily ,Daily ,Daily 
H-4302B-210,Daily ,Daily ,Daily 
H-4302B-211,Daily ,Daily ,Daily 
H-4303-101,Daily ,Daily ,Daily 
H-4303-102,Daily ,Daily ,Daily 
H-4303-103,Daily ,Daily ,Daily 
H-4303-104,Daily ,Daily ,Daily 
H-4303-105,Daily ,Daily ,Daily 
H-4303-106,Daily ,Daily ,Daily 
H-4303-107,Daily ,Daily ,Daily 
H-4303-108,Daily ,Daily ,Daily 
H-4303-201,Daily ,Daily ,Daily 
H-4303-202,Daily ,Daily ,Daily 
H-4303-203,Daily ,Daily ,Daily 
H-4303-204,Daily ,Daily ,Daily 
H-4303-205,Daily ,Daily ,Daily 
H-4303-206,Daily ,Daily ,Daily 
H-4303-207,Daily ,Daily ,Daily 
H-4303-208,Daily ,Daily ,Daily 
H-4303-209,Daily ,Daily ,Daily 
H-4303-210,Daily ,Daily ,Daily 
H-4304A-201,Daily ,Daily ,Daily 
H-4304A-202,Daily ,Daily ,Daily 
H-4304A-203,Daily ,Daily ,Daily 
H-4304A-204,Daily ,Daily ,Daily 
H-4304A-205,Daily ,Daily ,Daily 
H-4304A-206,Daily ,Daily ,Daily 
H-4304A-207,Daily ,Daily ,Daily 
H-4304A-208,Daily ,Daily ,Daily 
H-4304A-209,Daily ,Daily ,Daily 
H-4304A-210,Daily ,Daily ,Daily 
H-4304A-211,Daily ,Daily ,Daily 
H-4304B-201,Daily ,Daily ,Daily 
H-4304B-202,Daily ,Daily ,Daily 
H-4304B-203,Daily ,Daily ,Daily 
H-4304B-204,Daily ,Daily ,Daily 
H-4304B-205,Daily ,Daily ,Daily 
H-4304B-206,Daily ,Daily ,Daily 
H-4304B-207,Daily ,Daily ,Daily 
H-4304B-208,Daily ,Daily ,Daily 
H-4304B-209,Daily ,Daily ,Daily 
H-4304B-210,Daily ,Daily ,Daily 
H-4304B-211,Daily ,Daily ,Daily 
H-4304B-212,Daily ,Daily ,Daily 
H-4306A-101,Daily ,Daily ,Daily 
H-4306A-102,Daily ,Daily ,Daily 
H-4306A-103,Daily ,Daily ,Daily 
H-4306A-104,Daily ,Daily ,Daily 
H-4306B-201,Daily ,Daily ,Daily 
H-4306B-202,Daily ,Daily ,Daily 
H-4306B-203,Daily ,Daily ,Daily 
H-4306B-204,Daily ,Daily ,Daily 
H-4306B-205,Daily ,Daily ,Daily 
H-4306B-206,Daily ,Daily ,Daily 
H-4306B-207,Daily ,Daily ,Daily 
H-4306B-208,Daily ,Daily ,Daily 
H-4306B-209,Daily ,Daily ,Daily 
H-4306C-101,Daily ,Daily ,Daily 
H-4306C-102,Daily ,Daily ,Daily 
H-4306C-103,Daily ,Daily ,Daily 
H-4306C-104,Daily ,Daily ,Daily 
H-4306C-105,Daily ,Daily ,Daily 
H-4306C-106,Daily ,Daily ,Daily 
H-4306C-107,Daily ,Daily ,Daily 
H-4306C-108,Daily ,Daily ,Daily 
H-4306C-201,Daily ,Daily ,Daily 
H-4306C-202,Daily ,Daily ,Daily 
H-4306C-203,Daily ,Daily ,Daily 
H-4306C-204,Daily ,Daily ,Daily 
H-4306C-205,Daily ,Daily ,Daily 
H-4306C-206,Daily ,Daily ,Daily 
H-4306C-207,Daily ,Daily ,Daily 
H-4306C-208,Daily ,Daily ,Daily 
H-4307-101,Daily ,Daily ,Daily 
H-4307-102,Daily ,Daily ,Daily 
H-4307-103,Daily ,Daily ,Daily 
H-4307-104,Daily ,Daily ,Daily 
H-4307-105,Daily ,Daily ,Daily 
H-4307-106,Daily ,Daily ,Daily 
H-4307-201,Daily ,Daily ,Daily 
H-4307-202,Daily ,Daily ,Daily 
H-4307-203,Daily ,Daily ,Daily 
H-4307-204,Daily ,Daily ,Daily 
H-4307-205,Daily ,Daily ,Daily 
H-4307-206,Daily ,Daily ,Daily 
H-4307-207,Daily ,Daily ,Daily 
H-4307-208,Daily ,Daily ,Daily 
H-4307-209,Daily ,Daily ,Daily 
H-4307-210,Daily ,Daily ,Daily 
H-4307-211,Daily ,Daily ,Daily 
H-4309A-201,Daily ,Daily ,Daily 
H-4309A-202,Daily ,Daily ,Daily 
H-4309A-203,Daily ,Daily ,Daily 
H-4309A-204,Daily ,Daily ,Daily 
H-4309A-205,Daily ,Daily ,Daily 
H-4309A-206,Daily ,Daily ,Daily 
H-4309B-201,Daily ,Daily ,Daily 
H-4309B-202,Daily ,Daily ,Daily 
H-4309B-203,Daily ,Daily ,Daily 
H-4309B-204,Daily ,Daily ,Daily 
H-4309B-205,Daily ,Daily ,Daily 
H-4309B-206,Daily ,Daily ,Daily 
H-4309B-207,Daily ,Daily ,Daily 
H-4309B-208,Daily ,Daily ,Daily 
H-4309B-209,Daily ,Daily ,Daily 
H-4310A-101,Daily ,Daily ,Daily 
H-4310A-102,Daily ,Daily ,Daily 
H-4310A-103,Daily ,Daily ,Daily 
H-4310A-104,Daily ,Daily ,Daily 
H-4310A-105,Daily ,Daily ,Daily 
H-4310A-201,Daily ,Daily ,Daily 
H-4310A-202,Daily ,Daily ,Daily 
H-4310A-203,Daily ,Daily ,Daily 
H-4310A-204,Daily ,Daily ,Daily 
H-4310A-205,Daily ,Daily ,Daily 
H-4310A-206,Daily ,Daily ,Daily 
H-4310A-207,Daily ,Daily ,Daily 
H-4310A-208,Daily ,Daily ,Daily 
H-4310A-209,Daily ,Daily ,Daily 
H-4310A-210,Daily ,Daily ,Daily 
H-4310A-211,Daily ,Daily ,Daily 
H-4310A-212,Daily ,Daily ,Daily 
H-4310B-201,Daily ,Daily ,Daily 
H-4310B-202,Daily ,Daily ,Daily 
H-4310B-203,Daily ,Daily ,Daily 
H-4310B-204,Daily ,Daily ,Daily 
H-4310B-205,Daily ,Daily ,Daily 
H-4310B-206,Daily ,Daily ,Daily 
H-4310C-201,Daily ,Daily ,Daily 
H-4310C-202,Daily ,Daily ,Daily 
H-4310C-203,Daily ,Daily ,Daily 
H-4310C-204,Daily ,Daily ,Daily 
H-4310C-205,Daily ,Daily ,Daily 
H-4310C-206,Daily ,Daily ,Daily 
H-4310C-207,Daily ,Daily ,Daily 
H-4310C-208,Daily ,Daily ,Daily 
H-4310C-209,Daily ,Daily ,Daily 
H-4310C-210,Daily ,Daily ,Daily 
H-4310C-211,Daily ,Daily ,Daily 
O-601-109,Daily ,Daily ,Daily 
O-601-110,Daily ,Daily ,Daily 
O-601-111,Daily ,Daily ,Daily 
O-601-112,Daily ,Daily ,Daily 
O-601-113,Daily ,Daily ,Daily 
O-601-114,Daily ,Daily ,Daily 
O-601-115,Daily ,Daily ,Daily 
O-601-116,Daily ,Daily ,Daily 
O-601-209,Daily ,Daily ,Daily 
O-601-210,Daily ,Daily ,Daily 
O-601-211,Daily ,Daily ,Daily 
O-601-212,Daily ,Daily ,Daily 
O-601-213,Daily ,Daily ,Daily 
O-601-214,Daily ,Daily ,Daily 
O-601-215,Daily ,Daily ,Daily 
O-601-216,Daily ,Daily ,Daily 
O-602-101,Daily ,Daily ,Daily 
O-602-102,Daily ,Daily ,Daily 
O-602-103,Daily ,Daily ,Daily 
O-602-104,Daily ,Daily ,Daily 
O-602-105,Daily ,Daily ,Daily 
O-602-106,Daily ,Daily ,Daily 
O-602-107,Daily ,Daily ,Daily 
O-602-108,Daily ,Daily ,Daily 
O-602-201,Daily ,Daily ,Daily 
O-602-202,Daily ,Daily ,Daily 
O-602-203,Daily ,Daily ,Daily 
O-602-204,Daily ,Daily ,Daily 
O-602-205,Daily ,Daily ,Daily 
O-602-206,Daily ,Daily ,Daily 
O-602-207,Daily ,Daily ,Daily 
O-602-208,Daily ,Daily ,Daily 
O-603-109,Daily ,Daily ,Daily 
O-603-110,Daily ,Daily ,Daily 
O-603-111,Daily ,Daily ,Daily 
O-603-112,Daily ,Daily ,Daily 
O-603-113,Daily ,Daily ,Daily 
O-603-114,Daily ,Daily ,Daily 
O-603-115,Daily ,Daily ,Daily 
O-603-116,Daily ,Daily ,Daily 
O-603-209,Daily ,Daily ,Daily 
O-603-210,Daily ,Daily ,Daily 
O-603-211,Daily ,Daily ,Daily 
O-603-212,Daily ,Daily ,Daily 
O-603-213,Daily ,Daily ,Daily 
O-603-214,Daily ,Daily ,Daily 
O-603-215,Daily ,Daily ,Daily 
O-603-216,Daily ,Daily ,Daily 
O-604-101,Daily ,Daily ,Daily 
O-604-102,Daily ,Daily ,Daily 
O-604-103,Daily ,Daily ,Daily 
O-604-104,Daily ,Daily ,Daily 
O-604-105,Daily ,Daily ,Daily 
O-604-106,Daily ,Daily ,Daily 
O-604-107,Daily ,Daily ,Daily 
O-604-108,Daily ,Daily ,Daily 
O-604-201,Daily ,Daily ,Daily 
O-604-202,Daily ,Daily ,Daily 
O-604-203,Daily ,Daily ,Daily 
O-604-204,Daily ,Daily ,Daily 
O-604-205,Daily ,Daily ,Daily 
O-604-206,Daily ,Daily ,Daily 
O-604-207,Daily ,Daily ,Daily 
O-604-208,Daily ,Daily ,Daily 
O-605-109,Daily ,Daily ,Daily 
O-605-110,Daily ,Daily ,Daily 
O-605-111,Daily ,Daily ,Daily 
O-605-112,Daily ,Daily ,Daily 
O-605-113,Daily ,Daily ,Daily 
O-605-114,Daily ,Daily ,Daily 
O-605-115,Daily ,Daily ,Daily 
O-605-116,Daily ,Daily ,Daily 
O-605-209,Daily ,Daily ,Daily 
O-605-210,Daily ,Daily ,Daily 
O-605-211,Daily ,Daily ,Daily 
O-605-212,Daily ,Daily ,Daily 
O-605-213,Daily ,Daily ,Daily 
O-605-214,Daily ,Daily ,Daily 
O-605-215,Daily ,Daily ,Daily 
O-605-216,Daily ,Daily ,Daily 
O-606-101,Daily ,Daily ,Daily 
O-606-102,Daily ,Daily ,Daily 
O-606-103,Daily ,Daily ,Daily 
O-606-104,Daily ,Daily ,Daily 
O-606-105,Daily ,Daily ,Daily 
O-606-106,Daily ,Daily ,Daily 
O-606-107,Daily ,Daily ,Daily 
O-606-108,Daily ,Daily ,Daily 
O-606-201,Daily ,Daily ,Daily 
O-606-202,Daily ,Daily ,Daily 
O-606-203,Daily ,Daily ,Daily 
O-606-204,Daily ,Daily ,Daily 
O-606-205,Daily ,Daily ,Daily 
O-606-206,Daily ,Daily ,Daily 
O-606-207,Daily ,Daily ,Daily 
O-606-208,Daily ,Daily ,Daily 
O-607-109,Daily ,Daily ,Daily 
O-607-110,Daily ,Daily ,Daily 
O-607-111,Daily ,Daily ,Daily 
O-607-112,Daily ,Daily ,Daily 
O-607-113,Daily ,Daily ,Daily 
O-607-114,Daily ,Daily ,Daily 
O-607-115,Daily ,Daily ,Daily 
O-607-116,Daily ,Daily ,Daily 
O-607-209,Daily ,Daily ,Daily 
O-607-210,Daily ,Daily ,Daily 
O-607-211,Daily ,Daily ,Daily 
O-607-212,Daily ,Daily ,Daily 
O-607-213,Daily ,Daily ,Daily 
O-607-214,Daily ,Daily ,Daily 
O-607-215,Daily ,Daily ,Daily 
O-607-216,Daily ,Daily ,Daily 
O-608-101,Daily ,Daily ,Daily 
O-608-102,Daily ,Daily ,Daily 
O-608-103,Daily ,Daily ,Daily 
O-608-104,Daily ,Daily ,Daily 
O-608-105,Daily ,Daily ,Daily 
O-608-106,Daily ,Daily ,Daily 
O-608-107,Daily ,Daily ,Daily 
O-608-108,Daily ,Daily ,Daily 
O-608-201,Daily ,Daily ,Daily 
O-608-202,Daily ,Daily ,Daily 
O-608-203,Daily ,Daily ,Daily 
O-608-204,Daily ,Daily ,Daily 
O-608-205,Daily ,Daily ,Daily 
O-608-206,Daily ,Daily ,Daily 
O-608-207,Daily ,Daily ,Daily 
O-608-208,Daily ,Daily ,Daily 
O-609-109,Daily ,Daily ,Daily 
O-609-110,Daily ,Daily ,Daily 
O-609-111,Daily ,Daily ,Daily 
O-609-112,Daily ,Daily ,Daily 
O-609-113,Daily ,Daily ,Daily 
O-609-114,Daily ,Daily ,Daily 
O-609-115,Daily ,Daily ,Daily 
O-609-116,Daily ,Daily ,Daily 
O-609-209,Daily ,Daily ,Daily 
O-609-210,Daily ,Daily ,Daily 
O-609-211,Daily ,Daily ,Daily 
O-609-212,Daily ,Daily ,Daily 
O-609-213,Daily ,Daily ,Daily 
O-609-214,Daily ,Daily ,Daily 
O-609-215,Daily ,Daily ,Daily 
O-609-216,Daily ,Daily ,Daily 
O-610-101,Daily ,Daily ,Daily 
O-610-102,Daily ,Daily ,Daily 
O-610-103,Daily ,Daily ,Daily 
O-610-104,Daily ,Daily ,Daily 
O-610-105,Daily ,Daily ,Daily 
O-610-106,Daily ,Daily ,Daily 
O-610-107,Daily ,Daily ,Daily 
O-610-108,Daily ,Daily ,Daily 
O-610-201,Daily ,Daily ,Daily 
O-610-202,Daily ,Daily ,Daily 
O-610-203,Daily ,Daily ,Daily 
O-610-204,Daily ,Daily ,Daily 
O-610-205,Daily ,Daily ,Daily 
O-610-206,Daily ,Daily ,Daily 
O-610-207,Daily ,Daily ,Daily 
O-610-208,Daily ,Daily ,Daily 
O-618-101,Daily ,Daily ,Daily 
O-618-102,Daily ,Daily ,Daily 
O-618-103,Daily ,Daily ,Daily 
O-618-104,Daily ,Daily ,Daily 
O-618-105,Daily ,Daily ,Daily 
O-618-106,Daily ,Daily ,Daily 
O-618-107,Daily ,Daily ,Daily 
O-618-108,Daily ,Daily ,Daily 
O-618-201,Daily ,Daily ,Daily 
O-618-202,Daily ,Daily ,Daily 
O-618-203,Daily ,Daily ,Daily 
O-618-204,Daily ,Daily ,Daily 
O-618-205,Daily ,Daily ,Daily 
O-618-206,Daily ,Daily ,Daily 
O-618-207,Daily ,Daily ,Daily 
O-618-208,Daily ,Daily ,Daily 
O-619-109,Daily ,Daily ,Daily 
O-619-110,Daily ,Daily ,Daily 
O-619-111,Daily ,Daily ,Daily 
O-619-112,Daily ,Daily ,Daily 
O-619-113,Daily ,Daily ,Daily 
O-619-114,Daily ,Daily ,Daily 
O-619-115,Daily ,Daily ,Daily 
O-619-116,Daily ,Daily ,Daily 
O-619-209,Daily ,Daily ,Daily 
O-619-210,Daily ,Daily ,Daily 
O-619-211,Daily ,Daily ,Daily 
O-619-212,Daily ,Daily ,Daily 
O-619-213,Daily ,Daily ,Daily 
O-619-214,Daily ,Daily ,Daily 
O-619-215,Daily ,Daily ,Daily 
O-619-216,Daily ,Daily ,Daily 
O-620-101,Daily ,Daily ,Daily 
O-620-102,Daily ,Daily ,Daily 
O-620-103,Daily ,Daily ,Daily 
O-620-104,Daily ,Daily ,Daily 
O-620-105,Daily ,Daily ,Daily 
O-620-106,Daily ,Daily ,Daily 
O-620-107,Daily ,Daily ,Daily 
O-620-108,Daily ,Daily ,Daily 
O-620-201,Daily ,Daily ,Daily 
O-620-202,Daily ,Daily ,Daily 
O-620-203,Daily ,Daily ,Daily 
O-620-204,Daily ,Daily ,Daily 
O-620-205,Daily ,Daily ,Daily 
O-620-206,Daily ,Daily ,Daily 
O-620-207,Daily ,Daily ,Daily 
O-620-208,Daily ,Daily ,Daily 
O-621-109,Daily ,Daily ,Daily 
O-621-110,Daily ,Daily ,Daily 
O-621-111,Daily ,Daily ,Daily 
O-621-112,Daily ,Daily ,Daily 
O-621-113,Daily ,Daily ,Daily 
O-621-114,Daily ,Daily ,Daily 
O-621-115,Daily ,Daily ,Daily 
O-621-116,Daily ,Daily ,Daily 
O-621-209,Daily ,Daily ,Daily 
O-621-210,Daily ,Daily ,Daily 
O-621-211,Daily ,Daily ,Daily 
O-621-212,Daily ,Daily ,Daily 
O-621-213,Daily ,Daily ,Daily 
O-621-214,Daily ,Daily ,Daily 
O-621-215,Daily ,Daily ,Daily 
O-621-216,Daily ,Daily ,Daily 
O-622-101,Daily ,Daily ,Daily 
O-622-102,Daily ,Daily ,Daily 
O-622-103,Daily ,Daily ,Daily 
O-622-104,Daily ,Daily ,Daily 
O-622-105,Daily ,Daily ,Daily 
O-622-106,Daily ,Daily ,Daily 
O-622-107,Daily ,Daily ,Daily 
O-622-108,Daily ,Daily ,Daily 
O-622-201,Daily ,Daily ,Daily 
O-622-202,Daily ,Daily ,Daily 
O-622-203,Daily ,Daily ,Daily 
O-622-204,Daily ,Daily ,Daily 
O-622-205,Daily ,Daily ,Daily 
O-622-206,Daily ,Daily ,Daily 
O-622-207,Daily ,Daily ,Daily 
O-622-208,Daily ,Daily ,Daily 
P-7100,Sun,Sun,Thu
P-7101,Sun,Sun,Thu
P-7102,Sun,Sun,Thu
P-7103,Sun,Sun,Thu
P-7104,Sun,Sun,Thu
P-7105,Sun,Sun,Thu
P-7106,Sun,Sun,Tue
P-7107,Sun,Sun,Tue
P-7108,Sun,Sun,Tue
P-7109,Sun,Sun,Tue
P-7110,Sun,Sun,Tue
P-7111,Sun,Sun,Tue
P-7112,Sun,Sun,Tue
P-7113,Sun,Sun,Tue
P-7114,Sun,Sun,Tue
P-7115,Sun,Sun,Tue
P-7116,Sun,Sun,Tue
P-7117,Sun,Sun,Tue
P-7118,Sun,Sun,Tue
P-7119,Sun,Sun,Tue
P-7120,Sun,Sun,Tue
P-7121,Sun,Sun,Tue
P-7122,Sun,Sun,Tue
P-7123,Sun,Sun,Tue
P-7124,Sun,Sun,Tue
P-7125,Sun,Sun,Tue
P-7126,Sun,Sun,Tue
P-7127,Sun,Sun,Tue
P-7128,Sun,Sun,Tue
P-7129,Sun,Sun,Tue
P-7130,Sun,Sun,Tue
P-7131,Sun,Sun,Tue
P-7132,Sun,Sun,Tue
P-7133,Sun,Sun,Tue
P-7134,,,
P-7135,Sun,Sun,Tue
P-7136,Sun,Sun,Tue
P-7137,Sun,Sun,Tue
P-7138,Sun,Sun,Tue
P-7139,Sun,Sun,Tue
P-7140,Sun,Sun,Thu
P-7141,Sun,Sun,Thu
P-7142,Sun,Sun,Thu
P-7143,Sun,Sun,Thu
P-7144,Sun,Sun,Thu
P-7145,,,
P-7146,Sun,Sun,Thu
P-7147,Sun,Sun,Thu
P-7148,Sun,Sun,Thu
P-7149,Sun,Sun,Thu
P-7150,Sun,Sun,Thu
P-7151,Sun,Sun,Thu
P-7152,Sun,Sun,Thu
P-7153,Sun,Sun,Thu
P-7154,,,
P-7155,Sun,Sun,Thu
P-7156,Sun,Sun,Thu
P-7157,Sun,Sun,Thu
P-7158,Sun,Sun,Thu
P-7159,Sun,Sun,Thu
P-7160,Sun,Sun,Sat
P-7161,Sun,Sun,Sat
P-7162,Sun,Sun,Sat
P-7163,Sun,Sun,Sat
P-7164,Sun,Sun,Sat
P-7165,Sun,Sun,Sat
P-7166,Sun,Sun,Thu
P-7167,Sun,Sun,Thu
P-7168,Sun,Sun,Thu
P-7169,Sun,Sun,Thu
P-7170,Sun,Sun,Thu
P-7171,Sun,Sun,Thu
P-7172,Sun,Sun,Tue
P-7173,Sun,Sun,Tue
P-7174,Sun,Sun,Tue
P-7175,Sun,Sun,Tue
P-7200,,,
P-7201,Sun,Sun,Sat
P-7202,Sun,Sun,Sat
P-7203,,,
P-7204,,,
P-7205,,,
P-7206,,,
P-7207,Sun,Sun,Sat
P-7208,Sun,Sun,Sat
P-7209,Sun,Sun,Sat
P-7210,,,
P-7211,,,
P-7212,,,
P-7213,Sun,Sun,Sat
P-7214,Sun,Sun,Sat
P-7215,,,
P-7216,,,
P-7217,,,
P-7218,,,
P-7219,,,
P-7220,,,
P-7221,,,
P-7222,,,
P-7223,,,
P-7224,,,
P-7225,,,
P-7226,,,
P-7227,Sun,Sun,Sat
P-7228,,,
P-7229,,,
P-7230,,,
P-7231,,,
P-7232,Sun,Sun,Sat
P-7233,,,
P-7234,,,
P-7235,,,
P-7236,,,
P-7237,,,
P-7238,,,
P-7239,Sun,Sun,Sat
P-7240,,,
P-7241,,,
P-7242,,,
P-7243,,,
P-7244,,,
P-7245,,,
P-7246,,,
P-7247,,,
P-7248,,,
P-7249,,,
P-7250,Sun,Sun,Sat
P-7251,,,
P-7252,,,
P-7253,,,
P-7254,Sun,Sun,Sat
P-7255,,,
P-7256,,,
P-7257,,,
P-7258,,,
P-7259,,,
P-7260,,,
P-7261,,,
P-7262,,,
P-7263,,,
P-7264,,,
P-7265,,,
P-7266,,,
P-7267,,,
P-7268,,,
P-7269,,,
P-7270,Sun,Sun,Sat
P-7271,Sun,Sun,Sat
P-7272,Sun,Sun,Sat
P-7273,Sun,Sun,Sat
P-7274,Sun,Sun,Sat
P-7275,Sun,Sun,Sat
P-7276,Sun,Sun,Sat
P-7277,Sun,Sun,Sat
P-7278,Sun,Sun,Sat
P-7279,Sun,Sun,Sat
P-7280,Sun,Sun,Sat
P-7281,Sun,Sun,Sat
P-7300,Sun,Sun,Sat
P-7301,Sun,Sun,Sat
P-7302,Sun,Sun,Sat
P-7303,Sun,Sun,Sat
P-7304,Sun,Sun,Sat
P-7305,Sun,Sun,Sat
P-7306,Sun,Sun,Sat
P-7307,Sun,Sun,Sat
P-7308,Sun,Sun,Sat
P-7309,Sun,Sun,Sat
P-7310,Sun,Sun,Sat
P-7311,Sun,Sun,Sat
P-7312,,,
P-7313,,,
P-7314,,,
P-7315,,,
P-7316,,,
P-7317,,,
P-7318,,,
P-7319,,,
P-7320,,,
P-7321,,,
P-7322,Sun,Sun,Sat
P-7323,,,
P-7324,,,
P-7325,,,
P-7326,,,
P-7327,Sun,Sun,Sat
P-7328,Sun,Sun,Sat
P-7329,,,
P-7330,,,
P-7331,,,
P-7332,,,
P-7333,,,
P-7334,,,
P-7335,,,
P-7336,,,
P-7337,,,
P-7338,,,
P-7339,,,
P-7340,,,
P-7341,,,
P-7342,,,
P-7343,,,
P-7344,,,
P-7345,,,
P-7346,,,
P-7347,,,
P-7348,,,
P-7349,,,
P-7350,,,
P-7351,,,
P-7352,,,
P-7353,,,
P-7354,,,
P-7355,,,
P-7356,,,
P-7357,,,
P-7358,,,
P-7359,,,
P-7360,,,
P-7361,,,
P-7362,,,
P-7363,,,
P-7364,,,
P-7365,,,
P-7366,,,
P-7367,,,
P-7368,,,
P-7369,,,
P-7370,,,
P-7371,,,
P-7372,,,
P-7373,,,
P-7374,,,
P-7375,,,
P-7376,,,
P-7377,,,
P-7400,,,
P-7401,,,
P-7402,,,
P-7403,,,
P-7404,,,
P-7405,Sun,Sun,Sat
P-7406,Sun,Sun,Sat
P-7407,,,
P-7408,,,
P-7409,,,
P-7410,,,
P-7411,,,
P-7412,,,
P-7413,,,
P-7414,,,
P-7415,,,
P-7416,,,
P-7417,,,
P-7418,,,
P-7419,,,
P-7420,,,
P-7421,,,
P-7422,,,
P-7423,,,
P-7424,,,
P-7425,,,
P-7426,,,
P-7427,,,
P-7428,,,
P-7429,,,
P-7430,,,
P-7431,,,
P-7432,,,
P-7433,,,
P-7434,,,
P-7435,,,
P-7436,,,
P-7437,,,
P-7438,,,
P-7439,,,
P-7440,,,
P-7441,,,
P-7442,,,
P-7443,,,
P-7444,,,
P-7445,Sun,Sun,Sat
P-7446,,,
P-7447,,,
P-7448,,,
P-7449,,,
P-7450,,,
P-7451,,,
P-7452,,,
P-7453,,,
P-7454,,,
P-7455,,,
P-7456,,,
P-7457,,,
P-7458,,,
P-7459,,,
P-7460,,,
P-7461,,,
P-7462,,,
P-7463,Sun,Sun,Sat